Macrotrends Data Download,
,
,
,
"DISCLAIMER AND TERMS OF USE: HISTORICAL DATA IS PROVIDED ""AS IS"" AND SOLELY",
FOR INFORMATIONAL PURPOSES - NOT FOR TRADING PURPOSES OR ADVICE.,
NEITHER MACROTRENDS LLC NOR ANY OF OUR INFORMATION PROVIDERS WILL BE LIABLE,
FOR ANY DAMAGES RELATING TO YOUR USE OF THE DATA PROVIDED.,
,
,
,
"ATTRIBUTION: Proper attribution requires clear indication of the data source as ""www.macrotrends.net"".",
"A ""dofollow"" backlink to the originating page is also required if the data is displayed on a web page.",
,
,
date, value
14/9/2009,994.25
15/9/2009,997.5
16/9/2009,1017
17/9/2009,1020.5
18/9/2009,1014
21/9/2009,999.25
22/9/2009,1015.75
23/9/2009,1014.75
24/9/2009,1014
25/9/2009,997
28/9/2009,990.5
29/9/2009,991.75
30/9/2009,1001.25
1/10/2009,1005.75
2/10/2009,998
5/10/2009,1004.25
6/10/2009,1020.25
7/10/2009,1047
8/10/2009,1054.75
9/10/2009,1046.75
12/10/2009,1052
13/10/2009,1064.5
14/10/2009,1066
15/10/2009,1052.5
16/10/2009,1047.75
19/10/2009,1054.5
20/10/2009,1064
21/10/2009,1053.5
22/10/2009,1054.75
23/10/2009,1061.25
26/10/2009,1055
27/10/2009,1040.75
28/10/2009,1035.5
29/10/2009,1034
30/10/2009,1044.5
2/11/2009,1052
3/11/2009,1058
4/11/2009,1091.75
5/11/2009,1088
6/11/2009,1095
9/11/2009,1108.5
10/11/2009,1099.75
11/11/2009,1114.75
12/11/2009,1116
13/11/2009,1107.5
16/11/2009,1128.75
17/11/2009,1131.75
18/11/2009,1146
19/11/2009,1136
20/11/2009,1142.5
23/11/2009,1166
24/11/2009,1170.25
25/11/2009,1176.5
26/11/2009,1183
27/11/2009,1164.5
30/11/2009,1172
1/12/2009,1193.5
2/12/2009,1211.5
3/12/2009,1218.25
4/12/2009,1203.25
7/12/2009,1147.5
8/12/2009,1164.25
9/12/2009,1142.25
10/12/2009,1125.75
11/12/2009,1140
14/12/2009,1120
15/12/2009,1115
16/12/2009,1134
17/12/2009,1121.5
18/12/2009,1106.5
21/12/2009,1113.25
22/12/2009,1094.25
23/12/2009,1080.5
24/12/2009,1104.5
29/12/2009,1103
30/12/2009,1092.5
31/12/2009,1104
4/1/2010,1113
5/1/2010,1125.25
6/1/2010,1125
7/1/2010,1130.75
8/1/2010,1121.75
11/1/2010,1158
12/1/2010,1152.75
13/1/2010,1132.75
14/1/2010,1137.5
15/1/2010,1132
18/1/2010,1135.75
19/1/2010,1134
20/1/2010,1129
21/1/2010,1104
22/1/2010,1096.5
25/1/2010,1103.5
26/1/2010,1090.75
27/1/2010,1094.75
28/1/2010,1091.75
29/1/2010,1082.75
1/2/2010,1082
2/2/2010,1114
3/2/2010,1118.5
4/2/2010,1102.5
5/2/2010,1052.25
8/2/2010,1070
9/2/2010,1068
10/2/2010,1075.5
11/2/2010,1079.5
12/2/2010,1078.25
15/2/2010,1099.5
16/2/2010,1115.25
17/2/2010,1118.25
18/2/2010,1105.5
19/2/2010,1107
22/2/2010,1119.75
23/2/2010,1112
24/2/2010,1093
25/2/2010,1092.75
26/2/2010,1112.5
1/3/2010,1117.25
2/3/2010,1116
3/3/2010,1136.25
4/3/2010,1136.25
5/3/2010,1135
8/3/2010,1134
9/3/2010,1120
10/3/2010,1124.5
11/3/2010,1106
12/3/2010,1118.75
15/3/2010,1104
16/3/2010,1113.25
17/3/2010,1131.25
18/3/2010,1122.75
19/3/2010,1121.5
22/3/2010,1104.25
23/3/2010,1100.75
24/3/2010,1094
25/3/2010,1093.5
26/3/2010,1098
29/3/2010,1111.25
30/3/2010,1109.75
31/3/2010,1109.5
1/4/2010,1116
6/4/2010,1124
7/4/2010,1133.25
8/4/2010,1146.5
9/4/2010,1156
12/4/2010,1163.5
13/4/2010,1149.25
14/4/2010,1159
15/4/2010,1151.25
16/4/2010,1157
19/4/2010,1127.5
20/4/2010,1142.5
21/4/2010,1143.75
22/4/2010,1144.25
23/4/2010,1140
26/4/2010,1154
27/4/2010,1152.25
28/4/2010,1164.25
29/4/2010,1170
30/4/2010,1175.25
4/5/2010,1184.25
5/5/2010,1172
6/5/2010,1178
7/5/2010,1199.6
10/5/2010,1188.25
11/5/2010,1209
12/5/2010,1241.25
13/5/2010,1235
14/5/2010,1238.75
17/5/2010,1230.25
18/5/2010,1215
19/5/2010,1209.5
20/5/2010,1187.25
21/5/2010,1183.5
24/5/2010,1183.75
25/5/2010,1189.5
26/5/2010,1212.5
27/5/2010,1210.75
28/5/2010,1214
1/6/2010,1219.75
2/6/2010,1221
3/6/2010,1219.75
4/6/2010,1203.5
7/6/2010,1212.4
8/6/2010,1248
9/6/2010,1235
10/6/2010,1220
11/6/2010,1220.5
14/6/2010,1229.5
15/6/2010,1223
16/6/2010,1235.5
17/6/2010,1234.5
18/6/2010,1244
21/6/2010,1259.5
22/6/2010,1235.25
23/6/2010,1243
24/6/2010,1233.25
25/6/2010,1242.5
28/6/2010,1256
29/6/2010,1236
30/6/2010,1240.5
1/7/2010,1240
2/7/2010,1210.5
5/7/2010,1208.5
6/7/2010,1210.75
7/7/2010,1186
8/7/2010,1201.25
9/7/2010,1196.25
12/7/2010,1203.75
13/7/2010,1206.5
14/7/2010,1212.25
15/7/2010,1211.75
16/7/2010,1204.75
19/7/2010,1190.25
20/7/2010,1181.5
21/7/2010,1191.25
22/7/2010,1187
23/7/2010,1198.75
26/7/2010,1189
27/7/2010,1184
28/7/2010,1164
29/7/2010,1166
30/7/2010,1168
2/8/2010,1178
3/8/2010,1184
4/8/2010,1194.5
5/8/2010,1195.5
6/8/2010,1194.5
9/8/2010,1206
10/8/2010,1196.75
11/8/2010,1198
12/8/2010,1200
13/8/2010,1215
16/8/2010,1222
17/8/2010,1226.25
18/8/2010,1223
19/8/2010,1228
20/8/2010,1230.5
23/8/2010,1227
24/8/2010,1218
25/8/2010,1237.5
26/8/2010,1240.25
27/8/2010,1234.5
31/8/2010,1233.5
1/9/2010,1250
2/9/2010,1247.75
3/9/2010,1252
6/9/2010,1249.5
7/9/2010,1247.25
8/9/2010,1258
9/9/2010,1253.5
10/9/2010,1248.75
13/9/2010,1243
14/9/2010,1253.25
15/9/2010,1270.4
16/9/2010,1271.25
17/9/2010,1281.5
20/9/2010,1280.25
21/9/2010,1278.75
22/9/2010,1291.75
23/9/2010,1291.5
24/9/2010,1298
27/9/2010,1298.25
28/9/2010,1289
29/9/2010,1307.5
30/9/2010,1311
1/10/2010,1313
4/10/2010,1316
5/10/2010,1325.75
6/10/2010,1347
7/10/2010,1359.5
8/10/2010,1330.5
11/10/2010,1348.5
12/10/2010,1343.5
13/10/2010,1358.5
14/10/2010,1380.75
15/10/2010,1377.25
18/10/2010,1359.75
19/10/2010,1367.75
20/10/2010,1340.5
21/10/2010,1345.25
22/10/2010,1319
25/10/2010,1345
26/10/2010,1334
27/10/2010,1332.25
28/10/2010,1326.5
29/10/2010,1336.75
1/11/2010,1361.5
2/11/2010,1358
3/11/2010,1358.5
4/11/2010,1361
5/11/2010,1384.25
8/11/2010,1390
9/11/2010,1416.25
10/11/2010,1402
11/11/2010,1413
12/11/2010,1387
15/11/2010,1367
16/11/2010,1363.25
17/11/2010,1336.5
18/11/2010,1356.75
19/11/2010,1357.5
22/11/2010,1357.5
23/11/2010,1361
24/11/2010,1376.25
25/11/2010,1370.5
26/11/2010,1366.5
29/11/2010,1360
30/11/2010,1375
1/12/2010,1391.5
2/12/2010,1390
3/12/2010,1391.75
6/12/2010,1411.5
7/12/2010,1426
8/12/2010,1395
9/12/2010,1382
10/12/2010,1390
13/12/2010,1388.25
14/12/2010,1405
15/12/2010,1388.25
16/12/2010,1384
17/12/2010,1374.75
20/12/2010,1381
21/12/2010,1386
22/12/2010,1389
23/12/2010,1384
24/12/2010,1380.5
29/12/2010,1403.5
30/12/2010,1411.5
31/12/2010,1410.25
4/1/2011,1405.5
5/1/2011,1382.75
6/1/2011,1376
7/1/2011,1358
10/1/2011,1368.25
11/1/2011,1381
12/1/2011,1383.5
13/1/2011,1380.75
14/1/2011,1369.25
17/1/2011,1357.5
18/1/2011,1368.75
19/1/2011,1373.75
20/1/2011,1364.5
21/1/2011,1344
24/1/2011,1347.5
25/1/2011,1326
26/1/2011,1335.5
27/1/2011,1337.5
28/1/2011,1316
31/1/2011,1333.5
1/2/2011,1337.5
2/2/2011,1337
3/2/2011,1332.5
4/2/2011,1347.5
7/2/2011,1347
8/2/2011,1354
9/2/2011,1362.5
10/2/2011,1358.75
11/2/2011,1359
14/2/2011,1356.75
15/2/2011,1372.25
16/2/2011,1374.5
17/2/2011,1377
18/2/2011,1385.5
21/2/2011,1399.5
22/2/2011,1394.5
23/2/2011,1401.25
24/2/2011,1414.5
25/2/2011,1405
28/2/2011,1409.75
1/3/2011,1414.5
2/3/2011,1430.5
3/3/2011,1430.5
4/3/2011,1418
7/3/2011,1437
8/3/2011,1435
9/3/2011,1431.5
10/3/2011,1424.25
11/3/2011,1409.75
14/3/2011,1424.5
15/3/2011,1407
16/3/2011,1398.5
17/3/2011,1403.5
18/3/2011,1415.5
21/3/2011,1427.75
22/3/2011,1425.5
23/3/2011,1433
24/3/2011,1441.25
25/3/2011,1434
28/3/2011,1420
29/3/2011,1414
30/3/2011,1419
31/3/2011,1431
1/4/2011,1434.5
4/4/2011,1432.5
5/4/2011,1434.5
6/4/2011,1457
7/4/2011,1456.5
8/4/2011,1470.5
11/4/2011,1469.5
12/4/2011,1461.25
13/4/2011,1458
14/4/2011,1457.5
15/4/2011,1472.5
18/4/2011,1484.5
19/4/2011,1495
20/4/2011,1505
21/4/2011,1507
26/4/2011,1505
27/4/2011,1508
28/4/2011,1531
3/5/2011,1546.5
4/5/2011,1536
5/5/2011,1514.5
6/5/2011,1487.75
9/5/2011,1505
10/5/2011,1517.25
11/5/2011,1524.5
12/5/2011,1488.25
13/5/2011,1511
16/5/2011,1495
17/5/2011,1495.5
18/5/2011,1491.25
19/5/2011,1488.75
20/5/2011,1502.75
23/5/2011,1508.5
24/5/2011,1520.75
25/5/2011,1527
26/5/2011,1521.5
27/5/2011,1525
31/5/2011,1537
1/6/2011,1532.25
2/6/2011,1540.75
3/6/2011,1531
6/6/2011,1542.75
7/6/2011,1548.4
8/6/2011,1535.5
9/6/2011,1534
10/6/2011,1541
13/6/2011,1524.7
14/6/2011,1519
15/6/2011,1517.75
16/6/2011,1525
17/6/2011,1526.25
20/6/2011,1537
21/6/2011,1543
22/6/2011,1546
23/6/2011,1541.5
24/6/2011,1521
27/6/2011,1501
28/6/2011,1502.5
29/6/2011,1506
30/6/2011,1508
1/7/2011,1492.75
4/7/2011,1495.25
5/7/2011,1498.75
6/7/2011,1515.8
7/7/2011,1526.25
8/7/2011,1526
11/7/2011,1543.5
12/7/2011,1544.5
13/7/2011,1571.5
14/7/2011,1592.5
15/7/2011,1578.5
18/7/2011,1598.25
19/7/2011,1602
20/7/2011,1584.25
21/7/2011,1600.5
22/7/2011,1588
25/7/2011,1618.5
26/7/2011,1610
27/7/2011,1621
28/7/2011,1617.5
29/7/2011,1613.75
1/8/2011,1613.5
2/8/2011,1624
3/8/2011,1667.5
4/8/2011,1664.25
5/8/2011,1665
8/8/2011,1709.75
9/8/2011,1770
10/8/2011,1753.75
11/8/2011,1786
12/8/2011,1755
15/8/2011,1738
16/8/2011,1779
17/8/2011,1792
18/8/2011,1794.5
19/8/2011,1862
22/8/2011,1877.75
23/8/2011,1886.5
24/8/2011,1850
25/8/2011,1716.5
26/8/2011,1787
30/8/2011,1791
31/8/2011,1826
1/9/2011,1815.5
2/9/2011,1854
5/9/2011,1896.5
6/9/2011,1891
7/9/2011,1844
8/9/2011,1827
9/9/2011,1879.5
12/9/2011,1843
13/9/2011,1806
14/9/2011,1829
15/9/2011,1806
16/9/2011,1778
19/9/2011,1817
20/9/2011,1792
21/9/2011,1810.25
22/9/2011,1765.5
23/9/2011,1730
26/9/2011,1615
27/9/2011,1671
28/9/2011,1655
29/9/2011,1620
30/9/2011,1629
3/10/2011,1660
4/10/2011,1672
5/10/2011,1600
6/10/2011,1649.5
7/10/2011,1651
10/10/2011,1664
11/10/2011,1662
12/10/2011,1687
13/10/2011,1673
14/10/2011,1676
17/10/2011,1689
18/10/2011,1658
19/10/2011,1651
20/10/2011,1629
21/10/2011,1623
24/10/2011,1651
25/10/2011,1656.25
26/10/2011,1713
27/10/2011,1708
28/10/2011,1735
31/10/2011,1718
1/11/2011,1702
2/11/2011,1731
3/11/2011,1732.5
4/11/2011,1756
7/11/2011,1764
8/11/2011,1794
9/11/2011,1780
10/11/2011,1766
11/11/2011,1764
14/11/2011,1780.5
15/11/2011,1765
16/11/2011,1773
17/11/2011,1756
18/11/2011,1730
21/11/2011,1704
22/11/2011,1697.5
23/11/2011,1686
24/11/2011,1699
25/11/2011,1676
28/11/2011,1714
29/11/2011,1717
30/11/2011,1704
1/12/2011,1750
2/12/2011,1751
5/12/2011,1744
6/12/2011,1720
7/12/2011,1731
8/12/2011,1739
9/12/2011,1712
12/12/2011,1680
13/12/2011,1665
14/12/2011,1635
15/12/2011,1590
16/12/2011,1589.5
19/12/2011,1593
20/12/2011,1605
21/12/2011,1637.5
22/12/2011,1609
23/12/2011,1607.5
28/12/2011,1584
29/12/2011,1537.5
30/12/2011,1574.5
3/1/2012,1590
4/1/2012,1603
5/1/2012,1614.5
6/1/2012,1621
9/1/2012,1618
10/1/2012,1627
11/1/2012,1641
12/1/2012,1652.5
13/1/2012,1642
16/1/2012,1643.5
17/1/2012,1662
18/1/2012,1657
19/1/2012,1664
20/1/2012,1646
23/1/2012,1675
24/1/2012,1669
25/1/2012,1659
26/1/2012,1713
27/1/2012,1722
30/1/2012,1720.5
31/1/2012,1738
1/2/2012,1744
2/2/2012,1747.5
3/2/2012,1759.5
6/2/2012,1717
7/2/2012,1720
8/2/2012,1743
9/2/2012,1733
10/2/2012,1715.5
13/2/2012,1727
14/2/2012,1721
15/2/2012,1725.5
16/2/2012,1716
17/2/2012,1732
20/2/2012,1729.5
21/2/2012,1737
22/2/2012,1754.75
23/2/2012,1776.5
24/2/2012,1778.5
27/2/2012,1765
28/2/2012,1774.75
29/2/2012,1788
1/3/2012,1721
2/3/2012,1714.5
5/3/2012,1698
6/3/2012,1685.5
7/3/2012,1682.5
8/3/2012,1701.5
9/3/2012,1699.5
12/3/2012,1705.25
13/3/2012,1694.75
14/3/2012,1662
15/3/2012,1646.75
16/3/2012,1649
19/3/2012,1654
20/3/2012,1648.5
21/3/2012,1656
22/3/2012,1636
23/3/2012,1651
26/3/2012,1658
27/3/2012,1694
28/3/2012,1677
29/3/2012,1655.75
30/3/2012,1660.75
2/4/2012,1664
3/4/2012,1674.75
4/4/2012,1631.75
5/4/2012,1622.5
10/4/2012,1643.75
11/4/2012,1654
12/4/2012,1655.5
13/4/2012,1670.5
16/4/2012,1648.25
17/4/2012,1652
18/4/2012,1646.5
19/4/2012,1642
20/4/2012,1640
23/4/2012,1632
24/4/2012,1638.75
25/4/2012,1641.25
26/4/2012,1648.25
27/4/2012,1654
30/4/2012,1662.5
1/5/2012,1661.25
2/5/2012,1652.5
3/5/2012,1642.5
4/5/2012,1629.5
8/5/2012,1627
9/5/2012,1585.5
10/5/2012,1590
11/5/2012,1580.75
14/5/2012,1563
15/5/2012,1559
16/5/2012,1537.5
17/5/2012,1547
18/5/2012,1588
21/5/2012,1590.25
22/5/2012,1575.75
23/5/2012,1555
24/5/2012,1558.5
25/5/2012,1560.5
28/5/2012,1579
29/5/2012,1573.75
30/5/2012,1548.75
31/5/2012,1567.5
1/6/2012,1552.5
6/6/2012,1633.25
7/6/2012,1620.75
8/6/2012,1576
11/6/2012,1593
12/6/2012,1589.25
13/6/2012,1612.75
14/6/2012,1619
15/6/2012,1622.25
18/6/2012,1623.5
19/6/2012,1628.5
20/6/2012,1618.75
21/6/2012,1600
22/6/2012,1570.5
25/6/2012,1569
26/6/2012,1583.25
27/6/2012,1567.5
28/6/2012,1567.75
29/6/2012,1569.5
2/7/2012,1596.25
3/7/2012,1608.5
4/7/2012,1617
5/7/2012,1616.75
6/7/2012,1591.75
9/7/2012,1581
10/7/2012,1594.5
11/7/2012,1576.5
12/7/2012,1565.5
13/7/2012,1579
16/7/2012,1584
17/7/2012,1595
18/7/2012,1579.5
19/7/2012,1580
20/7/2012,1583
23/7/2012,1571.5
24/7/2012,1573
25/7/2012,1587.5
26/7/2012,1603
27/7/2012,1618.75
30/7/2012,1616.5
31/7/2012,1622.75
1/8/2012,1614.75
2/8/2012,1604.5
3/8/2012,1595
6/8/2012,1606.75
7/8/2012,1613
8/8/2012,1607
9/8/2012,1612.75
10/8/2012,1608.5
13/8/2012,1622.25
14/8/2012,1614.5
15/8/2012,1594.75
16/8/2012,1603.5
17/8/2012,1616.5
20/8/2012,1615.25
21/8/2012,1624
22/8/2012,1640.5
23/8/2012,1662.5
24/8/2012,1666.5
28/8/2012,1663.5
29/8/2012,1664.25
30/8/2012,1657
31/8/2012,1657.75
3/9/2012,1686
4/9/2012,1691.5
5/9/2012,1689.5
6/9/2012,1708.5
7/9/2012,1696
10/9/2012,1732.75
11/9/2012,1731
12/9/2012,1742.75
13/9/2012,1730.5
14/9/2012,1772.5
17/9/2012,1767.25
18/9/2012,1756.75
19/9/2012,1774.5
20/9/2012,1760
21/9/2012,1773.75
24/9/2012,1758.5
25/9/2012,1766.75
26/9/2012,1763.75
27/9/2012,1755.25
28/9/2012,1781
1/10/2012,1770.5
2/10/2012,1778.5
3/10/2012,1777.25
4/10/2012,1786.5
5/10/2012,1790
8/10/2012,1769
9/10/2012,1770.75
10/10/2012,1763
11/10/2012,1767.25
12/10/2012,1767
15/10/2012,1747.25
16/10/2012,1737.5
17/10/2012,1747.75
18/10/2012,1748
19/10/2012,1732.75
22/10/2012,1725
23/10/2012,1717
24/10/2012,1708.5
25/10/2012,1715
26/10/2012,1704
29/10/2012,1712
30/10/2012,1713.5
31/10/2012,1718
1/11/2012,1723.25
2/11/2012,1708.25
5/11/2012,1679
6/11/2012,1691.75
7/11/2012,1730.5
8/11/2012,1715
9/11/2012,1732.75
12/11/2012,1735.75
13/11/2012,1724.75
14/11/2012,1724.5
15/11/2012,1723.5
16/11/2012,1710
19/11/2012,1723.25
20/11/2012,1734
21/11/2012,1726.75
22/11/2012,1729.75
23/11/2012,1734.75
26/11/2012,1747.25
27/11/2012,1747.25
28/11/2012,1741
29/11/2012,1724.5
30/11/2012,1728.25
3/12/2012,1718
4/12/2012,1706.75
5/12/2012,1703
6/12/2012,1693
7/12/2012,1697
10/12/2012,1708.5
11/12/2012,1709.75
12/12/2012,1712.5
13/12/2012,1694.75
14/12/2012,1696.5
17/12/2012,1690
18/12/2012,1699.5
19/12/2012,1674.5
20/12/2012,1667
21/12/2012,1648.25
24/12/2012,1662.5
27/12/2012,1655.25
28/12/2012,1658.75
31/12/2012,1664
2/1/2013,1681.5
3/1/2013,1684.5
4/1/2013,1632.25
7/1/2013,1653.75
8/1/2013,1653.75
9/1/2013,1663.5
10/1/2013,1663
11/1/2013,1669.5
14/1/2013,1667.75
15/1/2013,1681
16/1/2013,1679.75
17/1/2013,1683.25
18/1/2013,1690
21/1/2013,1688
22/1/2013,1692.5
23/1/2013,1692.25
24/1/2013,1677
25/1/2013,1670.25
28/1/2013,1656.75
29/1/2013,1660.5
30/1/2013,1666.25
31/1/2013,1674.5
1/2/2013,1665
4/2/2013,1664.25
5/2/2013,1678
6/2/2013,1670
7/2/2013,1675.75
8/2/2013,1669.75
11/2/2013,1663.5
12/2/2013,1641.75
13/2/2013,1648
14/2/2013,1644
15/2/2013,1629.25
18/2/2013,1611.25
19/2/2013,1613.5
20/2/2013,1602
21/2/2013,1568.5
22/2/2013,1580
25/2/2013,1592.5
26/2/2013,1597.25
27/2/2013,1608.5
28/2/2013,1591
1/3/2013,1570
4/3/2013,1578
5/3/2013,1584.25
6/3/2013,1574
7/3/2013,1580.5
8/3/2013,1577
11/3/2013,1577.5
12/3/2013,1582.5
13/3/2013,1591.5
14/3/2013,1585
15/3/2013,1593.25
18/3/2013,1599.5
19/3/2013,1602.5
20/3/2013,1611.5
21/3/2013,1608.75
22/3/2013,1611.5
25/3/2013,1602.25
26/3/2013,1597.25
27/3/2013,1591
28/3/2013,1602.5
2/4/2013,1597.75
3/4/2013,1568.5
4/4/2013,1545.25
5/4/2013,1552.75
8/4/2013,1577.25
9/4/2013,1572.5
10/4/2013,1581.5
11/4/2013,1555.75
12/4/2013,1548
15/4/2013,1416
16/4/2013,1378
17/4/2013,1379
18/4/2013,1397
19/4/2013,1414
22/4/2013,1425
23/4/2013,1417.25
24/4/2013,1424.5
25/4/2013,1446.5
26/4/2013,1462.25
29/4/2013,1472.5
30/4/2013,1472.75
1/5/2013,1469.5
2/5/2013,1456
3/5/2013,1476.5
7/5/2013,1463
8/5/2013,1454
9/5/2013,1469.5
10/5/2013,1449.25
13/5/2013,1429.75
14/5/2013,1436.5
15/5/2013,1412.25
16/5/2013,1377
17/5/2013,1376.75
20/5/2013,1353.75
21/5/2013,1378.75
22/5/2013,1385.25
23/5/2013,1386
24/5/2013,1385.25
28/5/2013,1379
29/5/2013,1384.5
30/5/2013,1406.25
31/5/2013,1410.25
3/6/2013,1396.75
4/6/2013,1405.25
5/6/2013,1396.5
6/6/2013,1399.5
7/6/2013,1410
10/6/2013,1376.75
11/6/2013,1369.5
12/6/2013,1377.25
13/6/2013,1386.25
14/6/2013,1379.75
17/6/2013,1386
18/6/2013,1378.5
19/6/2013,1366
20/6/2013,1303.25
21/6/2013,1290.25
24/6/2013,1283.25
25/6/2013,1285
26/6/2013,1229
27/6/2013,1232
28/6/2013,1203.25
1/7/2013,1243.5
2/7/2013,1260.75
3/7/2013,1246
4/7/2013,1249.5
5/7/2013,1232.75
8/7/2013,1225.5
9/7/2013,1252
10/7/2013,1252.25
11/7/2013,1280.75
12/7/2013,1275
15/7/2013,1281.25
16/7/2013,1286
17/7/2013,1284.25
18/7/2013,1279.75
19/7/2013,1286
22/7/2013,1313.75
23/7/2013,1326.75
24/7/2013,1340
25/7/2013,1312
26/7/2013,1327.75
29/7/2013,1330.75
30/7/2013,1322.25
31/7/2013,1331.5
1/8/2013,1323.75
2/8/2013,1285.75
5/8/2013,1311
6/8/2013,1292
7/8/2013,1275.5
8/8/2013,1287.75
9/8/2013,1305.5
12/8/2013,1325.75
13/8/2013,1334
14/8/2013,1323.25
15/8/2013,1339.5
16/8/2013,1360.75
19/8/2013,1375.25
20/8/2013,1365.75
21/8/2013,1360
22/8/2013,1370.5
23/8/2013,1374.5
27/8/2013,1411
28/8/2013,1425.5
29/8/2013,1406.25
30/8/2013,1392.75
2/9/2013,1391.25
3/9/2013,1391.25
4/9/2013,1403.75
5/9/2013,1391.75
6/9/2013,1368.25
9/9/2013,1386
10/9/2013,1373
11/9/2013,1365.25
12/9/2013,1340.25
13/9/2013,1308.25
16/9/2013,1314.75
17/9/2013,1317.25
18/9/2013,1299.75
19/9/2013,1363.5
20/9/2013,1355.25
23/9/2013,1321.75
24/9/2013,1316.5
25/9/2013,1320.25
26/9/2013,1332.5
27/9/2013,1321.5
30/9/2013,1335.75
1/10/2013,1332.25
2/10/2013,1293.75
3/10/2013,1309
4/10/2013,1316
7/10/2013,1311
8/10/2013,1321
9/10/2013,1309.5
10/10/2013,1298
11/10/2013,1285.75
14/10/2013,1276
15/10/2013,1255.5
16/10/2013,1278.25
17/10/2013,1308.5
18/10/2013,1317
21/10/2013,1316
22/10/2013,1311.75
23/10/2013,1333
24/10/2013,1336.25
25/10/2013,1341.75
28/10/2013,1351
29/10/2013,1346.75
30/10/2013,1349.5
31/10/2013,1333.75
1/11/2013,1314.75
4/11/2013,1314.25
5/11/2013,1311.25
6/11/2013,1317
7/11/2013,1316
8/11/2013,1309
11/11/2013,1283.75
12/11/2013,1281
13/11/2013,1276
14/11/2013,1283.25
15/11/2013,1281.75
18/11/2013,1283.5
19/11/2013,1272.25
20/11/2013,1271.5
21/11/2013,1248.5
22/11/2013,1241.75
25/11/2013,1231.75
26/11/2013,1250.75
27/11/2013,1250.75
28/11/2013,1241.75
29/11/2013,1245.25
2/12/2013,1237.5
3/12/2013,1219
4/12/2013,1213
5/12/2013,1234
6/12/2013,1230.75
9/12/2013,1228.5
10/12/2013,1245.75
11/12/2013,1255.25
12/12/2013,1243.5
13/12/2013,1222.75
16/12/2013,1229.5
17/12/2013,1237.25
18/12/2013,1233.25
19/12/2013,1205.25
20/12/2013,1195
23/12/2013,1192.75
24/12/2013,1196.5
27/12/2013,1209.25
30/12/2013,1201.5
31/12/2013,1201.5
2/1/2014,1219.75
3/1/2014,1232.25
6/1/2014,1238
7/1/2014,1237.5
8/1/2014,1226.5
9/1/2014,1226
10/1/2014,1232.25
13/1/2014,1246
14/1/2014,1248.75
15/1/2014,1238
16/1/2014,1237.25
17/1/2014,1241
20/1/2014,1254.75
21/1/2014,1247.75
22/1/2014,1239.5
23/1/2014,1244.25
24/1/2014,1259.25
27/1/2014,1270
28/1/2014,1253.5
29/1/2014,1254.75
30/1/2014,1254
31/1/2014,1246.5
3/2/2014,1246.5
4/2/2014,1253
5/2/2014,1257
6/2/2014,1258.5
7/2/2014,1260
10/2/2014,1273.5
11/2/2014,1282.75
12/2/2014,1286.5
13/2/2014,1290.25
14/2/2014,1308.5
17/2/2014,1326
18/2/2014,1314
19/2/2014,1318.75
20/2/2014,1313.75
21/2/2014,1320.75
24/2/2014,1333
25/2/2014,1332.75
26/2/2014,1340
27/2/2014,1331
28/2/2014,1327.75
3/3/2014,1344.25
4/3/2014,1339.5
5/3/2014,1333.5
6/3/2014,1334.25
7/3/2014,1348.25
10/3/2014,1334.25
11/3/2014,1348
12/3/2014,1355.75
13/3/2014,1371
14/3/2014,1370
17/3/2014,1379
18/3/2014,1362.5
19/3/2014,1346
20/3/2014,1327
21/3/2014,1338.5
24/3/2014,1322
25/3/2014,1314.75
26/3/2014,1314.5
27/3/2014,1295
28/3/2014,1295.75
31/3/2014,1294
1/4/2014,1286.5
2/4/2014,1284
3/4/2014,1287.25
4/4/2014,1293.5
7/4/2014,1299
8/4/2014,1314.75
9/4/2014,1309.75
10/4/2014,1321.5
11/4/2014,1317.25
14/4/2014,1324.5
15/4/2014,1311.5
16/4/2014,1299
17/4/2014,1299.25
22/4/2014,1290.75
23/4/2014,1283.5
24/4/2014,1283.5
25/4/2014,1294.25
28/4/2014,1302
29/4/2014,1289.75
30/4/2014,1292
1/5/2014,1283
2/5/2014,1285
6/5/2014,1308.5
7/5/2014,1311
8/5/2014,1291.25
9/5/2014,1289
12/5/2014,1292.75
13/5/2014,1292.75
14/5/2014,1300.25
15/5/2014,1303.75
16/5/2014,1293.75
19/5/2014,1301
20/5/2014,1291.5
21/5/2014,1292
22/5/2014,1294.5
23/5/2014,1292
27/5/2014,1283
28/5/2014,1265.25
29/5/2014,1254
30/5/2014,1254
2/6/2014,1244.75
3/6/2014,1244.25
4/6/2014,1246
5/6/2014,1244.75
6/6/2014,1254
9/6/2014,1255
10/6/2014,1253.5
11/6/2014,1262.5
12/6/2014,1261.75
13/6/2014,1273
16/6/2014,1281.75
17/6/2014,1264.5
18/6/2014,1269
19/6/2014,1282
20/6/2014,1310
23/6/2014,1313.5
24/6/2014,1323
25/6/2014,1312
26/6/2014,1311.5
27/6/2014,1315.25
30/6/2014,1313
1/7/2014,1325.75
2/7/2014,1326.75
3/7/2014,1322.5
4/7/2014,1321.5
7/7/2014,1313.25
8/7/2014,1318.25
9/7/2014,1322.5
10/7/2014,1343.25
11/7/2014,1336.5
14/7/2014,1321.25
15/7/2014,1312
16/7/2014,1297.5
17/7/2014,1302.75
18/7/2014,1310.25
21/7/2014,1312.75
22/7/2014,1307
23/7/2014,1307.5
24/7/2014,1300
25/7/2014,1292.5
28/7/2014,1305
29/7/2014,1307.5
30/7/2014,1297.5
31/7/2014,1295
1/8/2014,1284.5
4/8/2014,1293.5
5/8/2014,1292.75
6/8/2014,1288.5
7/8/2014,1302
8/8/2014,1317.5
11/8/2014,1308.25
12/8/2014,1311
13/8/2014,1309.25
14/8/2014,1315
15/8/2014,1313.6
18/8/2014,1302.75
19/8/2014,1300.25
20/8/2014,1294.5
21/8/2014,1280.5
22/8/2014,1281
26/8/2014,1286.5
27/8/2014,1285
28/8/2014,1288
29/8/2014,1285.75
1/9/2014,1287.25
2/9/2014,1277.75
3/9/2014,1268.5
4/9/2014,1271
5/9/2014,1264
8/9/2014,1267.25
9/9/2014,1256
10/9/2014,1254.25
11/9/2014,1247
12/9/2014,1237.25
15/9/2014,1234.75
16/9/2014,1238.75
17/9/2014,1236.5
18/9/2014,1223
19/9/2014,1222.5
22/9/2014,1214
23/9/2014,1225
24/9/2014,1224
25/9/2014,1210.5
26/9/2014,1222.25
29/9/2014,1217.75
30/9/2014,1210
1/10/2014,1208.5
2/10/2014,1214.5
3/10/2014,1207.5
6/10/2014,1193.25
7/10/2014,1207.5
8/10/2014,1220
9/10/2014,1227.5
10/10/2014,1222.25
13/10/2014,1228
14/10/2014,1233
15/10/2014,1223.5
16/10/2014,1241
17/10/2014,1238
20/10/2014,1241
21/10/2014,1251.75
22/10/2014,1246.75
23/10/2014,1240.5
24/10/2014,1231.75
27/10/2014,1230.5
28/10/2014,1228.25
29/10/2014,1228
30/10/2014,1205.75
31/10/2014,1173.25
3/11/2014,1170.75
4/11/2014,1169.25
5/11/2014,1145.25
6/11/2014,1144.5
7/11/2014,1145
10/11/2014,1172
11/11/2014,1151.25
12/11/2014,1163.25
13/11/2014,1161
14/11/2014,1154
17/11/2014,1187
18/11/2014,1202
19/11/2014,1200.75
20/11/2014,1194
21/11/2014,1193.25
24/11/2014,1196
25/11/2014,1202.25
26/11/2014,1195.75
27/11/2014,1196.5
28/11/2014,1184.5
1/12/2014,1178.75
2/12/2014,1197
3/12/2014,1203.25
4/12/2014,1204
5/12/2014,1204.5
8/12/2014,1195.25
9/12/2014,1206.5
10/12/2014,1228.25
11/12/2014,1219.5
12/12/2014,1223.5
15/12/2014,1210.75
16/12/2014,1199.25
17/12/2014,1199
18/12/2014,1210.75
19/12/2014,1197.5
22/12/2014,1195.25
23/12/2014,1179.5
24/12/2014,1177
29/12/2014,1194
30/12/2014,1186.5
31/12/2014,1199.25
2/1/2015,1184.25
5/1/2015,1192
6/1/2015,1211
7/1/2015,1213.75
8/1/2015,1206.5
9/1/2015,1211.25
12/1/2015,1222
13/1/2015,1239
14/1/2015,1228.75
15/1/2015,1235.25
16/1/2015,1258.25
19/1/2015,1275.5
20/1/2015,1292.25
21/1/2015,1298
22/1/2015,1287
23/1/2015,1293.5
26/1/2015,1282.75
27/1/2015,1279
28/1/2015,1287
29/1/2015,1275.5
30/1/2015,1263.5
2/2/2015,1274.25
3/2/2015,1281
4/2/2015,1269.25
5/2/2015,1263.75
6/2/2015,1264
9/2/2015,1242.25
10/2/2015,1237.5
11/2/2015,1235.5
12/2/2015,1225.25
13/2/2015,1225.75
16/2/2015,1233.5
17/2/2015,1221.75
18/2/2015,1206.5
19/2/2015,1217.75
20/2/2015,1203.5
23/2/2015,1193.5
24/2/2015,1195.5
25/2/2015,1206.5
26/2/2015,1220
27/2/2015,1205
2/3/2015,1216.75
3/3/2015,1207.75
4/3/2015,1204.25
5/3/2015,1199.75
6/3/2015,1196.5
9/3/2015,1173.75
10/3/2015,1161
11/3/2015,1158.75
12/3/2015,1161.25
13/3/2015,1156.5
16/3/2015,1157
17/3/2015,1154.75
18/3/2015,1149
19/3/2015,1164
20/3/2015,1171.75
23/3/2015,1181.4
24/3/2015,1193.25
25/3/2015,1192.55
26/3/2015,1209.4
27/3/2015,1198
30/3/2015,1187.4
31/3/2015,1179.25
1/4/2015,1181.25
2/4/2015,1201.5
7/4/2015,1208.5
8/4/2015,1211.1
9/4/2015,1196
10/4/2015,1201.9
13/4/2015,1197.85
14/4/2015,1191.45
15/4/2015,1189.85
16/4/2015,1204.6
17/4/2015,1204.55
20/4/2015,1203.25
21/4/2015,1197.7
22/4/2015,1202.4
23/4/2015,1187.75
24/4/2015,1192.15
27/4/2015,1182.75
28/4/2015,1201.4
29/4/2015,1204.8
30/4/2015,1204.3
1/5/2015,1179
5/5/2015,1187.4
6/5/2015,1191.25
7/5/2015,1183
8/5/2015,1185.25
11/5/2015,1184.75
12/5/2015,1184.45
13/5/2015,1193
14/5/2015,1214.75
15/5/2015,1216.3
18/5/2015,1228.15
19/5/2015,1219.65
20/5/2015,1206.75
21/5/2015,1209.6
22/5/2015,1211
26/5/2015,1194
27/5/2015,1186.5
28/5/2015,1188.8
29/5/2015,1189.8
1/6/2015,1188.7
2/6/2015,1194.4
3/6/2015,1184.9
4/6/2015,1175.2
5/6/2015,1168.1
8/6/2015,1173.6
9/6/2015,1177.6
10/6/2015,1186.6
11/6/2015,1180.4
12/6/2015,1179.2
15/6/2015,1185.8
16/6/2015,1180.9
17/6/2015,1176.8
18/6/2015,1202
19/6/2015,1201.9
22/6/2015,1184.1
23/6/2015,1176.6
24/6/2015,1172.9
25/6/2015,1171.8
26/6/2015,1173.2
29/6/2015,1179
30/6/2015,1171.8
1/7/2015,1169.3
2/7/2015,1163.5
3/7/2015,1168.25
6/7/2015,1173.2
7/7/2015,1152.6
8/7/2015,1163.5
9/7/2015,1159.2
10/7/2015,1157.9
13/7/2015,1155.4
14/7/2015,1153.5
15/7/2015,1147.4
16/7/2015,1143.9
17/7/2015,1131.9
20/7/2015,1106.8
21/7/2015,1103.5
22/7/2015,1091.5
23/7/2015,1095.1
24/7/2015,1086
27/7/2015,1096.9
28/7/2015,1096.7
29/7/2015,1093.3
30/7/2015,1088.7
31/7/2015,1095.1
3/8/2015,1089.4
4/8/2015,1090.7
5/8/2015,1085.6
6/8/2015,1090.1
7/8/2015,1094.1
10/8/2015,1104.1
11/8/2015,1107.7
12/8/2015,1123.6
13/8/2015,1115.6
14/8/2015,1112.7
17/8/2015,1118.4
18/8/2015,1116.9
19/8/2015,1127.9
20/8/2015,1153.2
21/8/2015,1159.6
24/8/2015,1153.6
25/8/2015,1138.3
26/8/2015,1124.6
27/8/2015,1122.6
28/8/2015,1134
31/8/2015,1132.5
1/9/2015,1139.8
2/9/2015,1133.6
3/9/2015,1124.5
4/9/2015,1121.4
7/9/2015,1121
8/9/2015,1121
9/9/2015,1102
10/9/2015,1109.3
11/9/2015,1103.3
14/9/2015,1107.7
15/9/2015,1102.6
16/9/2015,1119
17/9/2015,1117
18/9/2015,1137.8
21/9/2015,1132.8
22/9/2015,1124.8
23/9/2015,1131.5
24/9/2015,1153.8
25/9/2015,1145.6
28/9/2015,1131.7
29/9/2015,1126.8
30/9/2015,1115.2
1/10/2015,1113.7
2/10/2015,1136.6
5/10/2015,1137.6
6/10/2015,1146.4
7/10/2015,1148.7
8/10/2015,1144.3
9/10/2015,1155.9
12/10/2015,1164.5
13/10/2015,1165.4
14/10/2015,1179.8
15/10/2015,1187.5
16/10/2015,1183.1
19/10/2015,1172.8
20/10/2015,1177.5
21/10/2015,1167.1
22/10/2015,1166.1
23/10/2015,1162.8
26/10/2015,1166.2
27/10/2015,1165.8
28/10/2015,1176.1
29/10/2015,1147.3
30/10/2015,1141.4
2/11/2015,1135.9
3/11/2015,1114.1
4/11/2015,1106.2
5/11/2015,1104.2
6/11/2015,1087.7
9/11/2015,1088.1
10/11/2015,1088.5
11/11/2015,1084.9
12/11/2015,1081
13/11/2015,1080.9
16/11/2015,1083.6
17/11/2015,1068.6
18/11/2015,1068.7
19/11/2015,1078.1
20/11/2015,1076.3
23/11/2015,1066.6
24/11/2015,1073.3
25/11/2015,1069.7
26/11/2015,1070.5
27/11/2015,1056.2
30/11/2015,1065.3
1/12/2015,1063.5
2/12/2015,1053.8
3/12/2015,1061.2
4/12/2015,1084.1
7/12/2015,1075.2
8/12/2015,1075.3
9/12/2015,1076.5
10/12/2015,1072
11/12/2015,1075.7
14/12/2015,1063.4
15/12/2015,1061.6
16/12/2015,1076.8
17/12/2015,1049.6
18/12/2015,1065
21/12/2015,1080.6
22/12/2015,1074.1
23/12/2015,1068.3
24/12/2015,1075.9
28/12/2015,1068.3
29/12/2015,1068
30/12/2015,1059.8
31/12/2015,1060.2
4/1/2016,1075.2
5/1/2016,1078.4
6/1/2016,1091.9
7/1/2016,1107.8
8/1/2016,1097.9
11/1/2016,1096.2
12/1/2016,1085.2
13/1/2016,1087.1
14/1/2016,1073.6
15/1/2016,1090.7
18/1/2016,1090.45
19/1/2016,1089.1
20/1/2016,1106.2
21/1/2016,1098.2
22/1/2016,1096.3
25/1/2016,1105.6
26/1/2016,1120.6
27/1/2016,1116.3
28/1/2016,1116.1
29/1/2016,1116.4
1/2/2016,1128
2/2/2016,1127.2
3/2/2016,1141.3
4/2/2016,1157.5
5/2/2016,1157.7
8/2/2016,1197.9
9/2/2016,1198.6
10/2/2016,1194.6
11/2/2016,1247.8
12/2/2016,1239.4
15/2/2016,1208.45
16/2/2016,1208.2
17/2/2016,1211.4
18/2/2016,1226.3
19/2/2016,1230.8
22/2/2016,1210.1
23/2/2016,1222.6
24/2/2016,1239.1
25/2/2016,1238.8
26/2/2016,1220.4
29/2/2016,1234.4
1/3/2016,1230.8
2/3/2016,1241.8
3/3/2016,1258.2
4/3/2016,1270.7
7/3/2016,1264
8/3/2016,1262.9
9/3/2016,1257.4
10/3/2016,1272.8
11/3/2016,1259.4
14/3/2016,1245.1
15/3/2016,1231
16/3/2016,1229.8
17/3/2016,1265
18/3/2016,1254.3
21/3/2016,1244.2
22/3/2016,1250.3
23/3/2016,1225.6
24/3/2016,1223.5
28/3/2016,1222
29/3/2016,1237.5
30/3/2016,1228.6
31/3/2016,1235.6
1/4/2016,1223.5
4/4/2016,1219.3
5/4/2016,1229.6
6/4/2016,1223.8
7/4/2016,1237.5
8/4/2016,1243.8
11/4/2016,1258
12/4/2016,1260.9
13/4/2016,1248.3
14/4/2016,1226.5
15/4/2016,1234.6
18/4/2016,1235
19/4/2016,1254.3
20/4/2016,1254.4
21/4/2016,1250.3
22/4/2016,1230
24/4/2016,1235.3
25/4/2016,1240.2
26/4/2016,1243.4
27/4/2016,1250.4
28/4/2016,1266.4
29/4/2016,1290.5
1/5/2016,1293.8
2/5/2016,1295.8
3/5/2016,1291.8
4/5/2016,1274.4
5/5/2016,1272.3
6/5/2016,1294
8/5/2016,1286
9/5/2016,1266.6
10/5/2016,1264.8
11/5/2016,1275.5
12/5/2016,1271.2
13/5/2016,1272.7
15/5/2016,1277.9
16/5/2016,1274.2
17/5/2016,1276.9
18/5/2016,1274.4
19/5/2016,1254.8
20/5/2016,1252.9
22/5/2016,1255.1
23/5/2016,1254.9
24/5/2016,1232.2
25/5/2016,1226.6
26/5/2016,1222.7
27/5/2016,1216.7
31/5/2016,1217.5
1/6/2016,1214.7
2/6/2016,1212.6
3/6/2016,1242.9
6/6/2016,1247.4
7/6/2016,1247
8/6/2016,1262.3
9/6/2016,1272.7
10/6/2016,1275.9
13/6/2016,1286.9
14/6/2016,1288.1
15/6/2016,1288.3
16/6/2016,1298.4
17/6/2016,1294.8
20/6/2016,1292.1
21/6/2016,1272.5
22/6/2016,1270
23/6/2016,1263.1
24/6/2016,1322.4
27/6/2016,1324.7
28/6/2016,1317.9
29/6/2016,1326.9
30/6/2016,1320.6
1/7/2016,1339
4/7/2016,1353.5
5/7/2016,1358.7
6/7/2016,1367.1
7/7/2016,1362.1
8/7/2016,1358.4
11/7/2016,1356.6
12/7/2016,1335.3
13/7/2016,1343.6
14/7/2016,1332.2
15/7/2016,1327.4
18/7/2016,1329.3
19/7/2016,1332.3
20/7/2016,1319.3
21/7/2016,1338.9
22/7/2016,1331.5
25/7/2016,1327.2
26/7/2016,1328.3
27/7/2016,1334.5
28/7/2016,1341.2
29/7/2016,1357.5
1/8/2016,1359.6
2/8/2016,1372.6
3/8/2016,1364.7
4/8/2016,1367.4
5/8/2016,1344.4
8/8/2016,1341.3
9/8/2016,1346.7
10/8/2016,1351.9
11/8/2016,1350
12/8/2016,1343.2
15/8/2016,1347.5
16/8/2016,1356.9
17/8/2016,1348.8
18/8/2016,1357.2
19/8/2016,1346.2
22/8/2016,1343.4
23/8/2016,1346.1
24/8/2016,1329.7
25/8/2016,1324.6
26/8/2016,1325.9
29/8/2016,1327.1
30/8/2016,1316.5
31/8/2016,1311.4
1/9/2016,1317.1
2/9/2016,1326.7
5/9/2016,1330.7
6/9/2016,1354
7/9/2016,1349.2
8/9/2016,1341.6
9/9/2016,1334.5
12/9/2016,1325.6
13/9/2016,1323.7
14/9/2016,1326.1
15/9/2016,1318
16/9/2016,1310.2
19/9/2016,1317.8
20/9/2016,1318.2
21/9/2016,1331.4
22/9/2016,1344.7
23/9/2016,1341.7
26/9/2016,1344.1
27/9/2016,1330.4
28/9/2016,1323.7
29/9/2016,1326
30/9/2016,1317.1
3/10/2016,1312.7
4/10/2016,1269.7
5/10/2016,1268.6
6/10/2016,1253
7/10/2016,1251.9
10/10/2016,1260.4
11/10/2016,1255.9
12/10/2016,1253.8
13/10/2016,1257.6
14/10/2016,1255.5
17/10/2016,1256.6
18/10/2016,1262.9
19/10/2016,1269.9
20/10/2016,1267.5
21/10/2016,1267.7
24/10/2016,1263.7
25/10/2016,1273.6
26/10/2016,1266.6
27/10/2016,1269.5
28/10/2016,1276.8
31/10/2016,1273.1
1/11/2016,1288
2/11/2016,1308.2
3/11/2016,1303.3
4/11/2016,1304.5
7/11/2016,1279.4
8/11/2016,1274.5
9/11/2016,1273.5
10/11/2016,1266.4
11/11/2016,1224.3
14/11/2016,1221.7
15/11/2016,1224.5
16/11/2016,1223.9
17/11/2016,1216.9
18/11/2016,1208.7
21/11/2016,1209.8
22/11/2016,1214.1
23/11/2016,1192.4
24/11/2016,1183.6
25/11/2016,1181
28/11/2016,1193.8
29/11/2016,1190.8
30/11/2016,1173.9
1/12/2016,1169.4
2/12/2016,1177.8
5/12/2016,1176.5
6/12/2016,1170.1
7/12/2016,1177.5
8/12/2016,1172.4
9/12/2016,1161.9
12/12/2016,1165.8
13/12/2016,1159
14/12/2016,1163.7
15/12/2016,1129.8
16/12/2016,1137.4
19/12/2016,1142.7
20/12/2016,1133.6
21/12/2016,1133.2
22/12/2016,1130.7
23/12/2016,1133.6
27/12/2016,1138.8
28/12/2016,1140.9
29/12/2016,1158.1
30/12/2016,1151.7
3/1/2017,1162
4/1/2017,1165.3
5/1/2017,1181.3
6/1/2017,1173.4
9/1/2017,1184.9
10/1/2017,1185.5
11/1/2017,1196.6
12/1/2017,1199.8
13/1/2017,1196.2
16/1/2017,1202.6
17/1/2017,1212.9
18/1/2017,1212.1
19/1/2017,1201.5
20/1/2017,1204.9
23/1/2017,1218.5
24/1/2017,1213.6
25/1/2017,1200.5
26/1/2017,1192.5
27/1/2017,1191.1
30/1/2017,1196
31/1/2017,1211.4
1/2/2017,1208.3
2/2/2017,1219.4
3/2/2017,1220.8
6/2/2017,1232.1
7/2/2017,1236.1
8/2/2017,1239.5
9/2/2017,1236.8
10/2/2017,1235.9
13/2/2017,1225.8
14/2/2017,1225.4
15/2/2017,1233.1
16/2/2017,1241.6
17/2/2017,1239.1
20/2/2017,1238.5
21/2/2017,1238.9
22/2/2017,1233.3
23/2/2017,1251.4
24/2/2017,1258.3
27/2/2017,1258.8
28/2/2017,1253.9
1/3/2017,1250
2/3/2017,1232.9
3/3/2017,1226.5
6/3/2017,1225.5
7/3/2017,1216.1
8/3/2017,1209.4
9/3/2017,1203.2
10/3/2017,1201.4
13/3/2017,1203.1
14/3/2017,1202.6
15/3/2017,1200.7
16/3/2017,1227.1
17/3/2017,1230.2
20/3/2017,1234
21/3/2017,1249.6
22/3/2017,1252.8
23/3/2017,1250.1
24/3/2017,1251.7
27/3/2017,1258.8
28/3/2017,1258.8
29/3/2017,1256.8
30/3/2017,1248
31/3/2017,1251.2
3/4/2017,1254
4/4/2017,1258.4
5/4/2017,1248.5
6/4/2017,1253.3
7/4/2017,1257.3
10/4/2017,1253.9
11/4/2017,1274.2
12/4/2017,1278.1
13/4/2017,1288.5
17/4/2017,1291.9
18/4/2017,1294.1
19/4/2017,1283.4
20/4/2017,1283.8
21/4/2017,1289.1
24/4/2017,1277.5
25/4/2017,1267.2
26/4/2017,1264.2
27/4/2017,1265.9
28/4/2017,1268.3
1/5/2017,1255.5
2/5/2017,1257
3/5/2017,1248.5
4/5/2017,1228.6
5/5/2017,1226.9
8/5/2017,1227.1
9/5/2017,1216.1
10/5/2017,1218.9
11/5/2017,1224.2
12/5/2017,1227.7
15/5/2017,1230
16/5/2017,1236.4
17/5/2017,1258.7
18/5/2017,1252.8
19/5/2017,1253.6
22/5/2017,1261.4
23/5/2017,1258.9
24/5/2017,1256.5
25/5/2017,1259.8
26/5/2017,1271.4
29/5/2017,1269.9
30/5/2017,1265.7
31/5/2017,1275.4
1/6/2017,1270.1
2/6/2017,1280.2
5/6/2017,1282.7
6/6/2017,1297.5
7/6/2017,1293.2
8/6/2017,1279.5
9/6/2017,1271.4
12/6/2017,1268.9
13/6/2017,1268.6
14/6/2017,1275.9
15/6/2017,1254.6
16/6/2017,1256.5
19/6/2017,1246.7
20/6/2017,1243.5
21/6/2017,1245.8
22/6/2017,1249.4
23/6/2017,1256.4
26/6/2017,1246.4
27/6/2017,1246.9
28/6/2017,1249.1
29/6/2017,1245.8
30/6/2017,1242.3
3/7/2017,1219.2
4/7/2017,1223
5/7/2017,1221.7
6/7/2017,1223.3
7/7/2017,1209.7
10/7/2017,1213.2
11/7/2017,1214.7
12/7/2017,1219.1
13/7/2017,1217.3
14/7/2017,1227.5
17/7/2017,1233.7
18/7/2017,1241.9
19/7/2017,1248.8
20/7/2017,1252.1
21/7/2017,1261
24/7/2017,1260.7
25/7/2017,1258.5
26/7/2017,1255.6
27/7/2017,1266.5
28/7/2017,1275.3
31/7/2017,1273.4
1/8/2017,1279.4
2/8/2017,1278.4
3/8/2017,1274.4
4/8/2017,1264.6
7/8/2017,1264.7
8/8/2017,1262.6
9/8/2017,1279.3
10/8/2017,1290.1
11/8/2017,1294
14/8/2017,1290.4
15/8/2017,1279.7
16/8/2017,1282.9
17/8/2017,1292.4
18/8/2017,1291.6
21/8/2017,1296.7
22/8/2017,1291
23/8/2017,1294.7
24/8/2017,1292
25/8/2017,1297.9
28/8/2017,1315.3
29/8/2017,1318.9
30/8/2017,1314.1
31/8/2017,1322.2
1/9/2017,1330.4
4/9/2017,1339.4
5/9/2017,1344.5
6/9/2017,1339
7/9/2017,1350.3
8/9/2017,1351.2
11/9/2017,1335.7
12/9/2017,1332.7
13/9/2017,1328
14/9/2017,1329.3
15/9/2017,1325.2
18/9/2017,1310.8
19/9/2017,1310.6
20/9/2017,1316.4
21/9/2017,1294.8
22/9/2017,1297.5
25/9/2017,1311.5
26/9/2017,1301.7
27/9/2017,1287.8
28/9/2017,1288.7
29/9/2017,1284.8
2/10/2017,1275.8
3/10/2017,1274.6
4/10/2017,1276.8
5/10/2017,1273.2
6/10/2017,1274.9
9/10/2017,1285
10/10/2017,1293.8
11/10/2017,1288.9
12/10/2017,1296.5
13/10/2017,1304.6
16/10/2017,1303
17/10/2017,1286.2
18/10/2017,1283
19/10/2017,1290
20/10/2017,1280.5
23/10/2017,1280.9
24/10/2017,1278.3
25/10/2017,1279
26/10/2017,1269.6
27/10/2017,1271.8
30/10/2017,1277.7
31/10/2017,1270.5
1/11/2017,1277.3
2/11/2017,1278.1
3/11/2017,1269.2
6/11/2017,1281.6
7/11/2017,1275.8
8/11/2017,1283.7
9/11/2017,1287.5
10/11/2017,1274.2
13/11/2017,1278.9
14/11/2017,1282.9
15/11/2017,1277.7
16/11/2017,1278.2
17/11/2017,1283.85
20/11/2017,1292.35
21/11/2017,1280
22/11/2017,1283.95
23/11/2017,1290.15
24/11/2017,1289.15
27/11/2017,1294.7
28/11/2017,1293.9
29/11/2017,1294.85
30/11/2017,1282.15
1/12/2017,1277.25
4/12/2017,1279.1
5/12/2017,1275.9
6/12/2017,1268.55
7/12/2017,1256.8
8/12/2017,1245.85
11/12/2017,1251.4
12/12/2017,1243.4
13/12/2017,1241.6
14/12/2017,1255.6
15/12/2017,1257.25
18/12/2017,1258.65
19/12/2017,1263.1
20/12/2017,1265.95
21/12/2017,1265.85
22/12/2017,1268.05
27/12/2017,1285.4
28/12/2017,1291.6
29/12/2017,1296.5
2/1/2018,1312.8
3/1/2018,1314.6
4/1/2018,1313.7
5/1/2018,1317.9
8/1/2018,1318.8
9/1/2018,1314.95
10/1/2018,1321.65
11/1/2018,1319.85
12/1/2018,1332.9
15/1/2018,1343
16/1/2018,1334.95
17/1/2018,1337.35
18/1/2018,1329.75
19/1/2018,1335.8
22/1/2018,1334.15
23/1/2018,1337.1
24/1/2018,1350.5
25/1/2018,1360.25
26/1/2018,1354.35
29/1/2018,1348.4
30/1/2018,1345.7
31/1/2018,1343.35
1/2/2018,1341.1
2/2/2018,1345
5/2/2018,1337.1
6/2/2018,1344.65
7/2/2018,1328.5
8/2/2018,1311.05
9/2/2018,1316.05
12/2/2018,1321.7
13/2/2018,1329.4
14/2/2018,1330.75
15/2/2018,1353.7
16/2/2018,1358.6
19/2/2018,1347.4
20/2/2018,1337.4
21/2/2018,1328.6
22/2/2018,1323.5
23/2/2018,1328.9
26/2/2018,1339.05
27/2/2018,1332.75
28/2/2018,1320.3
1/3/2018,1311.25
2/3/2018,1316.75
5/3/2018,1326.3
6/3/2018,1324.95
7/3/2018,1332.5
8/3/2018,1325.4
9/3/2018,1319.35
12/3/2018,1317.25
13/3/2018,1318.7
14/3/2018,1324.95
15/3/2018,1323.35
16/3/2018,1320.05
19/3/2018,1311.7
20/3/2018,1312.75
21/3/2018,1316.35
22/3/2018,1328.85
23/3/2018,1342.35
26/3/2018,1348.4
27/3/2018,1350.65
28/3/2018,1341.05
29/3/2018,1323.9
3/4/2018,1336.6
4/4/2018,1343.15
5/4/2018,1327.05
6/4/2018,1325.6
9/4/2018,1328.5
10/4/2018,1335.95
11/4/2018,1345.2
12/4/2018,1345.9
13/4/2018,1340.75
16/4/2018,1344.4
17/4/2018,1342.95
18/4/2018,1346.55
19/4/2018,1347.9
20/4/2018,1340.15
23/4/2018,1328
24/4/2018,1327.35
25/4/2018,1325.7
26/4/2018,1321.9
27/4/2018,1317.7
30/4/2018,1316.25
1/5/2018,1309.2
2/5/2018,1310.75
3/5/2018,1313.3
4/5/2018,1309.35
8/5/2018,1310.05
9/5/2018,1306.85
10/5/2018,1314.8
11/5/2018,1324.8
14/5/2018,1320.7
15/5/2018,1310.05
16/5/2018,1291.75
17/5/2018,1288.85
18/5/2018,1287.2
21/5/2018,1285.85
22/5/2018,1293.9
23/5/2018,1294
24/5/2018,1296.35
25/5/2018,1303.95
29/5/2018,1302.05
30/5/2018,1298.6
31/5/2018,1303.5
1/6/2018,1299.15
4/6/2018,1294.65
5/6/2018,1292.25
6/6/2018,1295.25
7/6/2018,1298.3
8/6/2018,1299.2
11/6/2018,1296.05
12/6/2018,1298.3
13/6/2018,1294.4
14/6/2018,1305.3
15/6/2018,1300.1
18/6/2018,1281.25
19/6/2018,1279
20/6/2018,1273.25
21/6/2018,1263.7
22/6/2018,1269.7
25/6/2018,1269.8
26/6/2018,1257.15
27/6/2018,1256.8
28/6/2018,1250.5
29/6/2018,1250.55
2/7/2018,1249
3/7/2018,1245.85
4/7/2018,1256.9
5/7/2018,1252.5
6/7/2018,1254.2
9/7/2018,1262.6
10/7/2018,1253.7
11/7/2018,1250
12/7/2018,1244.85
13/7/2018,1240.5
16/7/2018,1244.9
17/7/2018,1243.65
18/7/2018,1223.45
19/7/2018,1217.4
20/7/2018,1224.85
23/7/2018,1229.45
24/7/2018,1224.3
25/7/2018,1230.55
26/7/2018,1228.35
27/7/2018,1219.15
30/7/2018,1222.05
31/7/2018,1219.2
1/8/2018,1222.75
2/8/2018,1217.6
3/8/2018,1207.7
6/8/2018,1212
7/8/2018,1215.4
8/8/2018,1212.35
9/8/2018,1215.5
10/8/2018,1211.65
13/8/2018,1204.4
14/8/2018,1195.3
15/8/2018,1186.7
16/8/2018,1179.65
17/8/2018,1176.7
20/8/2018,1188.75
21/8/2018,1194.1
22/8/2018,1196.85
23/8/2018,1187.3
24/8/2018,1189.95
28/8/2018,1212.75
29/8/2018,1204.3
30/8/2018,1202.35
31/8/2018,1206.85
3/9/2018,1201.7
4/9/2018,1195.75
5/9/2018,1194.7
6/9/2018,1204.3
7/9/2018,1200.75
10/9/2018,1195.8
11/9/2018,1194
12/9/2018,1197.8
13/9/2018,1206.65
14/9/2018,1206.2
17/9/2018,1196.8
18/9/2018,1199.4
19/9/2018,1203
20/9/2018,1203
21/9/2018,1207.6
24/9/2018,1198.75
25/9/2018,1199.45
26/9/2018,1198.8
27/9/2018,1196
28/9/2018,1183.5
1/10/2018,1185.3
2/10/2018,1192.65
3/10/2018,1203.5
4/10/2018,1199.45
5/10/2018,1201.1
8/10/2018,1194.8
9/10/2018,1187.4
10/10/2018,1186.4
11/10/2018,1201.1
12/10/2018,1218.75
15/10/2018,1233
16/10/2018,1228.85
17/10/2018,1226.75
18/10/2018,1224.6
19/10/2018,1228.25
22/10/2018,1222.9
23/10/2018,1235.6
24/10/2018,1231.65
25/10/2018,1232.15
26/10/2018,1236.05
29/10/2018,1230.75
30/10/2018,1220
31/10/2018,1217.7
1/11/2018,1223.25
2/11/2018,1235.5
5/11/2018,1231.6
6/11/2018,1234.85
7/11/2018,1235.05
8/11/2018,1223.45
9/11/2018,1219.05
12/11/2018,1207.05
13/11/2018,1197.55
14/11/2018,1201.45
15/11/2018,1210.6
16/11/2018,1215.8
19/11/2018,1223.55
20/11/2018,1223.1
21/11/2018,1224
22/11/2018,1228.25
23/11/2018,1222.15
26/11/2018,1226.65
27/11/2018,1225.05
28/11/2018,1213.2
29/11/2018,1226.45
30/11/2018,1220.45
3/12/2018,1231.05
4/12/2018,1239.25
5/12/2018,1236.15
6/12/2018,1236.45
7/12/2018,1241.2
10/12/2018,1246.8
11/12/2018,1248.25
12/12/2018,1244.75
13/12/2018,1244.45
14/12/2018,1239.15
17/12/2018,1239.1
18/12/2018,1248.8
19/12/2018,1248.6
20/12/2018,1255
21/12/2018,1257.6
24/12/2018,1261.25
27/12/2018,1271.1
28/12/2018,1277.25
31/12/2018,1281.65
2/1/2019,1287.2
3/1/2019,1287.95
4/1/2019,1290.35
7/1/2019,1291.5
8/1/2019,1283.9
9/1/2019,1281.3
10/1/2019,1292.4
11/1/2019,1292.8
14/1/2019,1293.7
15/1/2019,1289.35
16/1/2019,1290.5
17/1/2019,1294
18/1/2019,1285.05
21/1/2019,1278.7
22/1/2019,1284.75
23/1/2019,1284.9
24/1/2019,1279.75
25/1/2019,1282.95
28/1/2019,1301
29/1/2019,1308.35
30/1/2019,1312.95
31/1/2019,1322.5
1/2/2019,1320.75
4/2/2019,1311
5/2/2019,1314
6/2/2019,1313.35
7/2/2019,1306.6
8/2/2019,1311.1
11/2/2019,1306.75
12/2/2019,1311.6
13/2/2019,1311.15
14/2/2019,1305.65
15/2/2019,1318
18/2/2019,1323.95
19/2/2019,1329.55
20/2/2019,1345.75
21/2/2019,1335.05
22/2/2019,1322.25
25/2/2019,1329.15
26/2/2019,1327.55
27/2/2019,1326.45
28/2/2019,1325.45
1/3/2019,1309.95
4/3/2019,1287.45
5/3/2019,1285
6/3/2019,1285.55
7/3/2019,1286.4
8/3/2019,1294.1
11/3/2019,1296.35
12/3/2019,1296.95
13/3/2019,1308.4
14/3/2019,1299.2
15/3/2019,1302.65
18/3/2019,1305.35
19/3/2019,1308.35
20/3/2019,1303
21/3/2019,1317.3
22/3/2019,1311.1
25/3/2019,1319.35
26/3/2019,1315.25
27/3/2019,1318.25
28/3/2019,1306.9
29/3/2019,1291.15
1/4/2019,1291.9
2/4/2019,1287.2
3/4/2019,1291.85
4/4/2019,1291.6
5/4/2019,1288.9
8/4/2019,1297.1
9/4/2019,1301.85
10/4/2019,1304.8
11/4/2019,1304.65
12/4/2019,1296.15
15/4/2019,1286.75
16/4/2019,1283.75
17/4/2019,1276.1
18/4/2019,1276.5
23/4/2019,1273.45
24/4/2019,1273.8
25/4/2019,1277.85
26/4/2019,1281.5
29/4/2019,1282.15
30/4/2019,1285.15
1/5/2019,1281.8
2/5/2019,1271.45
3/5/2019,1270.05
7/5/2019,1281.3
8/5/2019,1287.75
9/5/2019,1284.1
10/5/2019,1285.4
13/5/2019,1282.95
14/5/2019,1297.6
15/5/2019,1298.9
16/5/2019,1295.55
17/5/2019,1285.8
20/5/2019,1275.25
21/5/2019,1276
22/5/2019,1274
23/5/2019,1275.95
24/5/2019,1281.5
28/5/2019,1283.9
29/5/2019,1283.5
30/5/2019,1276.45
31/5/2019,1296
3/6/2019,1313.95
4/6/2019,1323.6
5/6/2019,1337.75
6/6/2019,1336.65
7/6/2019,1334.3
10/6/2019,1328.6
11/6/2019,1322.65
12/6/2019,1336.65
13/6/2019,1335.8
14/6/2019,1352.45
17/6/2019,1333.2
18/6/2019,1344.55
19/6/2019,1342.4
20/6/2019,1381.65
21/6/2019,1388.35
24/6/2019,1405.45
25/6/2019,1429.55
26/6/2019,1406.75
27/6/2019,1402.25
28/6/2019,1413.2
1/7/2019,1390.05
2/7/2019,1393.1
3/7/2019,1425.1
4/7/2019,1415.25
5/7/2019,1414.4
8/7/2019,1404.9
9/7/2019,1387.9
10/7/2019,1395.45
11/7/2019,1423.1
12/7/2019,1405.6
15/7/2019,1416.25
16/7/2019,1416.1
17/7/2019,1400.8
18/7/2019,1420.9
19/7/2019,1437.05
22/7/2019,1424.45
23/7/2019,1417.55
24/7/2019,1425.55
25/7/2019,1426.35
26/7/2019,1418.25
29/7/2019,1418.95
30/7/2019,1428.45
31/7/2019,1430.55
1/8/2019,1406.4
2/8/2019,1436.05
5/8/2019,1457.45
6/8/2019,1461.85
7/8/2019,1487.65
8/8/2019,1497.4
9/8/2019,1503.5
12/8/2019,1501.95
13/8/2019,1527.2
14/8/2019,1500.35
15/8/2019,1517.65
16/8/2019,1509.05
19/8/2019,1499.35
20/8/2019,1502.65
21/8/2019,1499.65
22/8/2019,1498.7
23/8/2019,1495.5
27/8/2019,1531.85
28/8/2019,1541.75
29/8/2019,1536.65
30/8/2019,1526.55
2/9/2019,1523.35
3/9/2019,1532.45
4/9/2019,1538.8
5/9/2019,1542.6
6/9/2019,1504.95
9/9/2019,1509.95
10/9/2019,1494.6
11/9/2019,1493.65
12/9/2019,1502.95
13/9/2019,1506.3
16/9/2019,1502.05
17/9/2019,1499.3
18/9/2019,1502.2
19/9/2019,1498.4
20/9/2019,1504.1
23/9/2019,1519.5
24/9/2019,1520.25
25/9/2019,1530.85
26/9/2019,1507.05
27/9/2019,1496.15
30/9/2019,1487.6
1/10/2019,1466.1
2/10/2019,1484.05
3/10/2019,1504
4/10/2019,1509.5
7/10/2019,1502.15
8/10/2019,1500
9/10/2019,1503.4
10/10/2019,1508.2
11/10/2019,1498.35
14/10/2019,1494.2
15/10/2019,1494.75
16/10/2019,1482.55
17/10/2019,1484.45
21/10/2019,1490.85
22/10/2019,1487.45
23/10/2019,1494.25
24/10/2019,1488.85
25/10/2019,1504.65
28/10/2019,1505.05
29/10/2019,1492.75
30/10/2019,1490.15
31/10/2019,1506.4
1/11/2019,1509.85
4/11/2019,1509.2
5/11/2019,1504.6
6/11/2019,1488.55
7/11/2019,1484.1
8/11/2019,1466.85
11/11/2019,1465.5
12/11/2019,1455
13/11/2019,1463.45
14/11/2019,1467.65
15/11/2019,1465.6
18/11/2019,1458.4
19/11/2019,1464.9
20/11/2019,1475.7
21/11/2019,1468.9
22/11/2019,1471.3
25/11/2019,1459.45
26/11/2019,1457.65
27/11/2019,1459.8
28/11/2019,1457.55
29/11/2019,1456.35
2/12/2019,1457.5
3/12/2019,1470.4
4/12/2019,1475.85
5/12/2019,1474.6
6/12/2019,1474.85
9/12/2019,1463.6
10/12/2019,1464.45
11/12/2019,1468.05
12/12/2019,1474.7
13/12/2019,1470.6
16/12/2019,1477.4
17/12/2019,1478.4
18/12/2019,1478.9
19/12/2019,1474.4
20/12/2019,1476.9
23/12/2019,1483.95
24/12/2019,1490.85
27/12/2019,1510.6
30/12/2019,1511.5
31/12/2019,1523
2/1/2020,1520.55
3/1/2020,1547.4
6/1/2020,1576.85
7/1/2020,1566.5
8/1/2020,1582.85
9/1/2020,1547.85
10/1/2020,1548.8
13/1/2020,1550.35
14/1/2020,1544.95
15/1/2020,1551.9
16/1/2020,1555.2
17/1/2020,1556.5
20/1/2020,1559.25
21/1/2020,1556.25
22/1/2020,1558.1
23/1/2020,1554.05
24/1/2020,1561.85
27/1/2020,1583.45
28/1/2020,1579.6
29/1/2020,1571.2
30/1/2020,1580.4
31/1/2020,1580.85
3/2/2020,1578.85
4/2/2020,1571.2
5/2/2020,1552.2
6/2/2020,1564.75
10/2/2020,1574.05
11/2/2020,1567.7
12/2/2020,1566.75
13/2/2020,1575
14/2/2020,1576.35
17/2/2020,1580.3
18/2/2020,1588.2
19/2/2020,1609.5
20/2/2020,1610.35
21/2/2020,1633.7
24/2/2020,1682.35
25/2/2020,1655.9
26/2/2020,1647.95
27/2/2020,1646.6
28/2/2020,1626.35
2/3/2020,1609.7
3/3/2020,1599.05
4/3/2020,1644.8
5/3/2020,1647.45
6/3/2020,1687
9/3/2020,1676.6
10/3/2020,1657.4
11/3/2020,1662.5
12/3/2020,1636.65
13/3/2020,1588.15
16/3/2020,1504.65
17/3/2020,1472.35
18/3/2020,1506
19/3/2020,1480.7
20/3/2020,1504.45
23/3/2020,1494.5
24/3/2020,1599.5
25/3/2020,1620.95
26/3/2020,1620.1
27/3/2020,1621.2
30/3/2020,1624.45
31/3/2020,1604.65
1/4/2020,1594.25
2/4/2020,1588.05
3/4/2020,1609.75
6/4/2020,1636.6
7/4/2020,1652.2
8/4/2020,1649.05
9/4/2020,1662.5
14/4/2020,1715.85
15/4/2020,1712.25
16/4/2020,1717.85
17/4/2020,1693.15
20/4/2020,1684.95
21/4/2020,1678.6
22/4/2020,1702.65
23/4/2020,1727.55
24/4/2020,1727.25
27/4/2020,1717.25
28/4/2020,1708.1
29/4/2020,1706
30/4/2020,1716.75
1/5/2020,1673.05
4/5/2020,1703.7
5/5/2020,1696.3
6/5/2020,1698.9
7/5/2020,1688.65
11/5/2020,1698.8
12/5/2020,1703.45
13/5/2020,1699.85
14/5/2020,1716.4
15/5/2020,1734.85
18/5/2020,1756.9
19/5/2020,1735.25
20/5/2020,1750.05
21/5/2020,1732.8
22/5/2020,1732.45
26/5/2020,1722.75
27/5/2020,1705.15
28/5/2020,1723.3
29/5/2020,1725.65
1/6/2020,1734.8
2/6/2020,1740.25
3/6/2020,1717.6
4/6/2020,1706.45
5/6/2020,1709.55
8/6/2020,1692
9/6/2020,1707.5
10/6/2020,1717.65
11/6/2020,1731.9
12/6/2020,1735.85
15/6/2020,1710.4
16/6/2020,1728.35
17/6/2020,1717.3
18/6/2020,1732.65
19/6/2020,1728.55
22/6/2020,1745.45
23/6/2020,1756.6
24/6/2020,1775.7
25/6/2020,1758.55
26/6/2020,1762.1
29/6/2020,1768.8
30/6/2020,1770.7
1/7/2020,1787.4
2/7/2020,1771.85
3/7/2020,1774.65
6/7/2020,1774.4
7/7/2020,1775.5
8/7/2020,1799.35
9/7/2020,1812.45
10/7/2020,1805.75
13/7/2020,1814.1
14/7/2020,1813.4
15/7/2020,1813.8
16/7/2020,1800.3
17/7/2020,1810
20/7/2020,1817.4
21/7/2020,1843.9
22/7/2020,1865.1
23/7/2020,1890
24/7/2020,1897.5
27/7/2020,1931
28/7/2020,1946.24
29/7/2020,1958.16
30/7/2020,1950.04
31/7/2020,1971.68
3/8/2020,1974.7
4/8/2020,2008.5
5/8/2020,2037.1
6/8/2020,2058.4
7/8/2020,2018
10/8/2020,2030.3
11/8/2020,1938.9
12/8/2020,1940.5
13/8/2020,1961.9
14/8/2020,1942.3
17/8/2020,1989.9
18/8/2020,2004.8
19/8/2020,1963.5
20/8/2020,1938.3
21/8/2020,1938.3
24/8/2020,1931.5
25/8/2020,1915.6
26/8/2020,1944.1
27/8/2020,1925
28/8/2020,1966.8
31/8/2020,1970.5
1/9/2020,1970.8
2/9/2020,1936.9
3/9/2020,1930.2
4/9/2020,1926.2
7/9/2020,1928.4
8/9/2020,1935.1
9/9/2020,1946.8
10/9/2020,1956
11/9/2020,1939.5
14/9/2020,1954.7
15/9/2020,1958
16/9/2020,1962
17/9/2020,1941.3
18/9/2020,1953.2
21/9/2020,1902.1
22/9/2020,1899.3
23/9/2020,1860.5
24/9/2020,1868.9
25/9/2020,1859.5
28/9/2020,1876.6
29/9/2020,1899.64
30/9/2020,1893.9
1/10/2020,1916.3
2/10/2020,1907.6
5/10/2020,1920.1
6/10/2020,1908.8
7/10/2020,1890.8
8/10/2020,1895.1
9/10/2020,1926.2
12/10/2020,1928.9
13/10/2020,1894.6
14/10/2020,1907.3
15/10/2020,1908.9
16/10/2020,1906.4
19/10/2020,1911.7
20/10/2020,1915.4
21/10/2020,1929.5
22/10/2020,1904.6
23/10/2020,1905.2
26/10/2020,1905.7
27/10/2020,1911.9
28/10/2020,1879.2
29/10/2020,1868
30/10/2020,1879.9
2/11/2020,1892.5
3/11/2020,1910.4
4/11/2020,1896.2
5/11/2020,1946.8
6/11/2020,1951.7
9/11/2020,1854.4
10/11/2020,1876.4
11/11/2020,1861.6
12/11/2020,1873.3
13/11/2020,1886.2
16/11/2020,1887.8
17/11/2020,1885.1
18/11/2020,1873.9
19/11/2020,1861.5
20/11/2020,1872.4
23/11/2020,1837.8
24/11/2020,1805.86
25/11/2020,1807.78
27/11/2020,1785.62
30/11/2020,1779.86
1/12/2020,1818.9
2/12/2020,1830.2
3/12/2020,1841.1
4/12/2020,1840
7/12/2020,1866
8/12/2020,1874.9
9/12/2020,1838.5
10/12/2020,1837.4
11/12/2020,1843.6
14/12/2020,1832.1
15/12/2020,1855.3
16/12/2020,1859.1
17/12/2020,1890.4
18/12/2020,1888.9
21/12/2020,1882.8
22/12/2020,1870.3
23/12/2020,1878.1
24/12/2020,1883.2
28/12/2020,1880.4
29/12/2020,1882.9
30/12/2020,1893.4
31/12/2020,1895.1
4/1/2021,1946.6
5/1/2021,1954.4
6/1/2021,1908.6
7/1/2021,1913.6
8/1/2021,1835.4
11/1/2021,1850.8
12/1/2021,1844.2
13/1/2021,1854.9
14/1/2021,1851.4
15/1/2021,1829.9
19/1/2021,1840.2
20/1/2021,1866.5
21/1/2021,1865.9
22/1/2021,1856.2
25/1/2021,1855.2
26/1/2021,1851.68
27/1/2021,1846.5
28/1/2021,1839.88
29/1/2021,1849.7
1/2/2021,1863.9
2/2/2021,1833.4
3/2/2021,1835.1
4/2/2021,1791.2
5/2/2021,1813
8/2/2021,1834.2
9/2/2021,1837.5
10/2/2021,1842.7
11/2/2021,1826.8
12/2/2021,1823.2
16/2/2021,1799
17/2/2021,1772.8
18/2/2021,1775
19/2/2021,1777.4
22/2/2021,1808.4
23/2/2021,1805.9
24/2/2021,1797.9
25/2/2021,1775.4
26/2/2021,1728.8
1/3/2021,1723
2/3/2021,1733.6
3/3/2021,1715.8
4/3/2021,1700.7
5/3/2021,1698.5
8/3/2021,1678
9/3/2021,1716.9
10/3/2021,1721.8
11/3/2021,1722.6
12/3/2021,1719.8
15/3/2021,1729.2
16/3/2021,1730.9
17/3/2021,1727.1
18/3/2021,1732.5
19/3/2021,1741.7
22/3/2021,1738.1
23/3/2021,1725.1
24/3/2021,1733.2
25/3/2021,1725.1
26/3/2021,1732.78
29/3/2021,1713.16
30/3/2021,1685.16
31/3/2021,1715.24
1/4/2021,1728.4
5/4/2021,1728.8
6/4/2021,1743
7/4/2021,1741.6
8/4/2021,1758.2
9/4/2021,1744.8
12/4/2021,1732.7
13/4/2021,1747.6
14/4/2021,1736.3
15/4/2021,1766.8
16/4/2021,1780.2
19/4/2021,1770.6
20/4/2021,1778.4
21/4/2021,1793.1
22/4/2021,1782
23/4/2021,1777.8
26/4/2021,1780.1
27/4/2021,1778.8
28/4/2021,1773.9
29/4/2021,1768.3
30/4/2021,1767.7
3/5/2021,1791.8
4/5/2021,1776
5/5/2021,1784.3
6/5/2021,1815.7
7/5/2021,1831.3
10/5/2021,1837.6
11/5/2021,1836.1
12/5/2021,1822.8
13/5/2021,1824
14/5/2021,1838.1
17/5/2021,1867.6
18/5/2021,1868
19/5/2021,1881.5
20/5/2021,1881.9
21/5/2021,1876.7
24/5/2021,1884.5
25/5/2021,1898.5
26/5/2021,1902.24
27/5/2021,1897.38
28/5/2021,1904.74
1/6/2021,1905
2/6/2021,1909.9
3/6/2021,1873.3
4/6/2021,1892
7/6/2021,1898.8
8/6/2021,1894.4
9/6/2021,1895.5
10/6/2021,1896.4
11/6/2021,1879.6
14/6/2021,1865.9
15/6/2021,1856.4
16/6/2021,1861.4
17/6/2021,1774.8
18/6/2021,1769
21/6/2021,1782.9
22/6/2021,1777.4
23/6/2021,1783.4
24/6/2021,1776.7
25/6/2021,1777.8
28/6/2021,1780.7
29/6/2021,1763.6
30/6/2021,1771.6
1/7/2021,1776.8
2/7/2021,1783.3
6/7/2021,1794.2
7/7/2021,1802.1
8/7/2021,1800.2
9/7/2021,1810.6
12/7/2021,1805.9
13/7/2021,1809.9
14/7/2021,1825
15/7/2021,1829
16/7/2021,1815
19/7/2021,1809.2
20/7/2021,1811.4
21/7/2021,1803.4
22/7/2021,1805.4
23/7/2021,1801.8
26/7/2021,1799.2
27/7/2021,1800.18
28/7/2021,1800.54
29/7/2021,1832.4
30/7/2021,1814.12
2/8/2021,1819.8
3/8/2021,1811.7
4/8/2021,1812.2
5/8/2021,1806.6
6/8/2021,1761.1
9/8/2021,1724.4
10/8/2021,1729.7
11/8/2021,1751.2
12/8/2021,1749.8
13/8/2021,1776
16/8/2021,1787.6
17/8/2021,1785.7
18/8/2021,1782.3
19/8/2021,1780.9
20/8/2021,1781.8
23/8/2021,1804
24/8/2021,1806.3
25/8/2021,1788.8
26/8/2021,1793
27/8/2021,1817.2
30/8/2021,1809.8
31/8/2021,1815.8
1/9/2021,1813.8
2/9/2021,1809.4
3/9/2021,1831.5
6/9/2021,1831.5
7/9/2021,1796.3
8/9/2021,1791.2
9/9/2021,1797.8
10/9/2021,1789.9
13/9/2021,1792.3
14/9/2021,1805
15/9/2021,1792.6
16/9/2021,1754.6
17/9/2021,1749.4
20/9/2021,1761.8
21/9/2021,1776.1
22/9/2021,1776.7
23/9/2021,1747.7
24/9/2021,1749.7
27/9/2021,1750.4
28/9/2021,1736.54
29/9/2021,1722.34
30/9/2021,1756.66
1/10/2021,1758.4
4/10/2021,1767.6
5/10/2021,1760.9
6/10/2021,1761.8
7/10/2021,1759.2
8/10/2021,1757.4
11/10/2021,1755.7
12/10/2021,1759.3
13/10/2021,1794.7
14/10/2021,1797.9
15/10/2021,1768.3
18/10/2021,1765.7
19/10/2021,1770.5
20/10/2021,1784.9
21/10/2021,1781.9
22/10/2021,1796.3
25/10/2021,1806.8
26/10/2021,1793.4
27/10/2021,1798.8
28/10/2021,1802.6
29/10/2021,1783.9
1/11/2021,1795.8
2/11/2021,1789.4
3/11/2021,1763.9
4/11/2021,1793.5
5/11/2021,1816.8
8/11/2021,1828
9/11/2021,1830.8
10/11/2021,1848.3
11/11/2021,1863.9
12/11/2021,1868.5
15/11/2021,1866.6
16/11/2021,1854.1
17/11/2021,1870.2
18/11/2021,1861.4
19/11/2021,1851.6
22/11/2021,1806.3
23/11/2021,1783.8
24/11/2021,1784.82
26/11/2021,1786.54
29/11/2021,1784.04
30/11/2021,1775.92
1/12/2021,1784.3
2/12/2021,1762.7
3/12/2021,1783.9
6/12/2021,1779.5
7/12/2021,1784.7
8/12/2021,1785.5
9/12/2021,1776.7
10/12/2021,1784.8
13/12/2021,1788.3
14/12/2021,1772.3
15/12/2021,1764.5
16/12/2021,1798.2
17/12/2021,1804.9
20/12/2021,1794.6
21/12/2021,1788.7
22/12/2021,1802.2
23/12/2021,1811.7
24/12/2021,1811.7
26/12/2021,1811.7
27/12/2021,1808.8
28/12/2021,1810.9
29/12/2021,1805.8
30/12/2021,1814.1
31/12/2021,1828.6
3/1/2022,1800.1
4/1/2022,1814.6
5/1/2022,1825.1
6/1/2022,1789.2
7/1/2022,1797.4
10/1/2022,1798.8
11/1/2022,1818.5
12/1/2022,1827.3
13/1/2022,1821.4
14/1/2022,1816.5
18/1/2022,1812.4
19/1/2022,1843.2
20/1/2022,1842.6
21/1/2022,1831.8
24/1/2022,1841.7
25/1/2022,1852.5
26/1/2022,1830.16
27/1/2022,1793.86
28/1/2022,1785.92
31/1/2022,1796.12
1/2/2022,1801.5
2/2/2022,1810.3
3/2/2022,1804.1
4/2/2022,1807.8
7/2/2022,1821.8
8/2/2022,1827.9
9/2/2022,1836.6
10/2/2022,1837.4
11/2/2022,1842.1
14/2/2022,1869.4
15/2/2022,1856.2
16/2/2022,1871.5
17/2/2022,1902
18/2/2022,1899.8
21/2/2022,1899.8
22/2/2022,1907.4
23/2/2022,1910.4
24/2/2022,1926.3
25/2/2022,1887.6
28/2/2022,1900.7
1/3/2022,1943.8
2/3/2022,1922.3
3/3/2022,1935.9
4/3/2022,1966.6
7/3/2022,1995.9
8/3/2022,2043.3
9/3/2022,1988.2
10/3/2022,2000.4
11/3/2022,1985
14/3/2022,1960.8
15/3/2022,1929.7
16/3/2022,1909.2
17/3/2022,1943.2
18/3/2022,1929.3
21/3/2022,1929.5
22/3/2022,1921.5
23/3/2022,1937.3
24/3/2022,1962.2
25/3/2022,1954.2
28/3/2022,1940.78
29/3/2022,1914.52
30/3/2022,1936.8
31/3/2022,1953.04
1/4/2022,1923.7
4/4/2022,1934
5/4/2022,1927.5
6/4/2022,1923.1
7/4/2022,1937.8
8/4/2022,1945.6
11/4/2022,1948.2
12/4/2022,1976.1
13/4/2022,1984.7
14/4/2022,1974.9
15/4/2022,1974.9
18/4/2022,1986.4
19/4/2022,1959
20/4/2022,1955.6
21/4/2022,1948.2
22/4/2022,1934.3
25/4/2022,1896
26/4/2022,1904.1
27/4/2022,1888.7
28/4/2022,1891.3
29/4/2022,1911.7
2/5/2022,1863.6
3/5/2022,1870.6
4/5/2022,1868.8
5/5/2022,1875.7
6/5/2022,1882.8
9/5/2022,1858.6
10/5/2022,1841
11/5/2022,1853.7
12/5/2022,1824.6
13/5/2022,1808.2
16/5/2022,1814
17/5/2022,1818.9
18/5/2022,1815.9
19/5/2022,1841.2
20/5/2022,1842.1
23/5/2022,1847.8
24/5/2022,1865.4
25/5/2022,1847.54
26/5/2022,1850.12
27/5/2022,1854.9
31/5/2022,1847.26
1/6/2022,1848.7
2/6/2022,1871.4
3/6/2022,1850.2
6/6/2022,1843.7
7/6/2022,1852.1
8/6/2022,1856.5
9/6/2022,1852.8
10/6/2022,1875.5
13/6/2022,1831.8
14/6/2022,1813.5
15/6/2022,1819.6
16/6/2022,1849.9
17/6/2022,1840.6
20/6/2022,1840.6
21/6/2022,1838.8
22/6/2022,1838.4
23/6/2022,1829.8
24/6/2022,1830.3
27/6/2022,1829.3382
28/6/2022,1824.4344
29/6/2022,1818.2373
30/6/2022,1817.4548
1/7/2022,1806.0776
2/7/2022,1811.12
3/7/2022,1811.12
4/7/2022,1807.3423
5/7/2022,1808.6291
6/7/2022,1767.9548
7/7/2022,1737.6013
8/7/2022,1740.4954
9/7/2022,1742.34
10/7/2022,1742.34
11/7/2022,1742.15
12/7/2022,1733.64
13/7/2022,1725.6
14/7/2022,1731.76
15/7/2022,1711.8
16/7/2022,1707.7
17/7/2022,1707.7
18/7/2022,1710.11
19/7/2022,1710.12
20/7/2022,1695.2131
21/7/2022,1718.4886
22/7/2022,1727.3163
25/7/2022,1719.245
26/7/2022,1718.1906
27/7/2022,1738.9701
28/7/2022,1754.669
29/7/2022,1766.4309
1/8/2022,1772.0067
2/8/2022,1756.4075
3/8/2022,1763.6446
4/8/2022,1792.8209
5/8/2022,1775.7796
8/8/2022,1789.0615
9/8/2022,1794.0933
10/8/2022,1791.7249
11/8/2022,1789.1296
12/8/2022,1802.7804
15/8/2022,1778.6433
16/8/2022,1776.1056
17/8/2022,1764.8633
18/8/2022,1758.455
19/8/2022,1747.435
22/8/2022,1735.1633
23/8/2022,1748.1523
24/8/2022,1751.2754
25/8/2022,1756.5567
26/8/2022,1739.1203
29/8/2022,1739.3102
30/8/2022,1723.1833
31/8/2022,1708.58
1/9/2022,1697.5306
2/9/2022,1712.5178
5/9/2022,1714.21
6/9/2022,1703.4835
7/9/2022,1716.4367
8/9/2022,1711.085
9/9/2022,1717.075
12/9/2022,1729.0925
13/9/2022,
14/9/2022,
15/9/2022,
16/9/2022,
17/9/2022,
18/9/2022,
19/9/2022,
20/9/2022,
21/9/2022,
22/9/2022,
23/9/2022,
24/9/2022,
25/9/2022,
26/9/2022,
27/9/2022,
28/9/2022,
29/9/2022,
30/9/2022,
1/10/2022,
2/10/2022,
3/10/2022,