observation_date,T5YIFR
2014-01-02,2.81
2014-01-03,2.83
2014-01-04,2.81
2014-01-05,2.79
2014-01-06,2.77
2014-01-07,2.69
2014-01-08,2.82
2014-01-09,2.79
2014-01-10,2.83
2014-01-11,2.83
2014-01-12,2.83
2014-01-13,2.83
2014-01-14,2.76
2014-01-15,2.84
2014-01-16,2.76
2014-01-17,2.8
2014-01-18,2.8024999999999998
2014-01-19,2.8049999999999997
2014-01-20,2.8075
2014-01-21,2.81
2014-01-22,2.71
2014-01-23,2.54
2014-01-24,2.6
2014-01-25,2.586666666666667
2014-01-26,2.5733333333333333
2014-01-27,2.56
2014-01-28,2.59
2014-01-29,2.56
2014-01-30,2.54
2014-01-31,2.56
2014-02-01,2.566666666666667
2014-02-02,2.5733333333333333
2014-02-03,2.58
2014-02-04,2.49
2014-02-05,2.5
2014-02-06,2.5
2014-02-07,2.59
2014-02-08,2.59
2014-02-09,2.59
2014-02-10,2.59
2014-02-11,2.58
2014-02-12,2.59
2014-02-13,2.57
2014-02-14,2.65
2014-02-15,2.61
2014-02-16,2.5700000000000003
2014-02-17,2.5300000000000002
2014-02-18,2.49
2014-02-19,2.48
2014-02-20,2.48
2014-02-21,2.5
2014-02-22,2.513333333333333
2014-02-23,2.526666666666667
2014-02-24,2.54
2014-02-25,2.52
2014-02-26,2.56
2014-02-27,2.51
2014-02-28,2.55
2014-03-01,2.5466666666666664
2014-03-02,2.5433333333333334
2014-03-03,2.54
2014-03-04,2.57
2014-03-05,2.56
2014-03-06,2.58
2014-03-07,2.63
2014-03-08,2.6066666666666665
2014-03-09,2.5833333333333335
2014-03-10,2.56
2014-03-11,2.54
2014-03-12,2.56
2014-03-13,2.59
2014-03-14,2.6
2014-03-15,2.586666666666667
2014-03-16,2.5733333333333333
2014-03-17,2.56
2014-03-18,2.59
2014-03-19,2.59
2014-03-20,2.51
2014-03-21,2.49
2014-03-22,2.4966666666666666
2014-03-23,2.5033333333333334
2014-03-24,2.51
2014-03-25,2.58
2014-03-26,2.53
2014-03-27,2.53
2014-03-28,2.54
2014-03-29,2.546666666666667
2014-03-30,2.5533333333333332
2014-03-31,2.56
2014-04-01,2.57
2014-04-02,2.56
2014-04-03,2.6
2014-04-04,2.55
2014-04-05,2.5766666666666667
2014-04-06,2.603333333333333
2014-04-07,2.63
2014-04-08,2.51
2014-04-09,2.58
2014-04-10,2.59
2014-04-11,2.62
2014-04-12,2.5966666666666667
2014-04-13,2.5733333333333333
2014-04-14,2.55
2014-04-15,2.6
2014-04-16,2.61
2014-04-17,2.47
2014-04-18,2.46
2014-04-19,2.45
2014-04-20,2.4400000000000004
2014-04-21,2.43
2014-04-22,2.44
2014-04-23,2.44
2014-04-24,2.43
2014-04-25,2.44
2014-04-26,2.43
2014-04-27,2.42
2014-04-28,2.41
2014-04-29,2.41
2014-04-30,2.4
2014-05-01,2.44
2014-05-02,2.43
2014-05-03,2.4333333333333336
2014-05-04,2.4366666666666665
2014-05-05,2.44
2014-05-06,2.41
2014-05-07,2.48
2014-05-08,2.45
2014-05-09,2.44
2014-05-10,2.4433333333333334
2014-05-11,2.4466666666666668
2014-05-12,2.45
2014-05-13,2.43
2014-05-14,2.42
2014-05-15,2.42
2014-05-16,2.42
2014-05-17,2.4166666666666665
2014-05-18,2.4133333333333336
2014-05-19,2.41
2014-05-20,2.42
2014-05-21,2.41
2014-05-22,2.45
2014-05-23,2.47
2014-05-24,2.47
2014-05-25,2.47
2014-05-26,2.47
2014-05-27,2.47
2014-05-28,2.5
2014-05-29,2.5
2014-05-30,2.51
2014-05-31,2.51
2014-06-01,2.51
2014-06-02,2.51
2014-06-03,2.46
2014-06-04,2.44
2014-06-05,2.44
2014-06-06,2.47
2014-06-07,2.47
2014-06-08,2.47
2014-06-09,2.47
2014-06-10,2.48
2014-06-11,2.5
2014-06-12,2.43
2014-06-13,2.45
2014-06-14,2.46
2014-06-15,2.47
2014-06-16,2.48
2014-06-17,2.49
2014-06-18,2.48
2014-06-19,2.48
2014-06-20,2.54
2014-06-21,2.5366666666666666
2014-06-22,2.533333333333333
2014-06-23,2.53
2014-06-24,2.51
2014-06-25,2.53
2014-06-26,2.52
2014-06-27,2.51
2014-06-28,2.513333333333333
2014-06-29,2.5166666666666666
2014-06-30,2.52
2014-07-01,2.52
2014-07-02,2.51
2014-07-03,2.53
2014-07-04,2.53
2014-07-05,2.53
2014-07-06,2.53
2014-07-07,2.53
2014-07-08,2.55
2014-07-09,2.6
2014-07-10,2.56
2014-07-11,2.57
2014-07-12,2.563333333333333
2014-07-13,2.5566666666666666
2014-07-14,2.55
2014-07-15,2.54
2014-07-16,2.51
2014-07-17,2.49
2014-07-18,2.52
2014-07-19,2.5166666666666666
2014-07-20,2.513333333333333
2014-07-21,2.51
2014-07-22,2.53
2014-07-23,2.54
2014-07-24,2.61
2014-07-25,2.61
2014-07-26,2.61
2014-07-27,2.61
2014-07-28,2.61
2014-07-29,2.6
2014-07-30,2.6
2014-07-31,2.61
2014-08-01,2.62
2014-08-02,2.6133333333333333
2014-08-03,2.606666666666667
2014-08-04,2.6
2014-08-05,2.58
2014-08-06,2.6
2014-08-07,2.59
2014-08-08,2.64
2014-08-09,2.64
2014-08-10,2.64
2014-08-11,2.64
2014-08-12,2.61
2014-08-13,2.58
2014-08-14,2.58
2014-08-15,2.53
2014-08-16,2.523333333333333
2014-08-17,2.5166666666666666
2014-08-18,2.51
2014-08-19,2.53
2014-08-20,2.51
2014-08-21,2.54
2014-08-22,2.49
2014-08-23,2.5
2014-08-24,2.5100000000000002
2014-08-25,2.52
2014-08-26,2.45
2014-08-27,2.48
2014-08-28,2.49
2014-08-29,2.48
2014-08-30,2.495
2014-08-31,2.51
2014-09-01,2.525
2014-09-02,2.54
2014-09-03,2.57
2014-09-04,2.58
2014-09-05,2.53
2014-09-06,2.5266666666666664
2014-09-07,2.5233333333333334
2014-09-08,2.52
2014-09-09,2.51
2014-09-10,2.51
2014-09-11,2.48
2014-09-12,2.51
2014-09-13,2.5166666666666666
2014-09-14,2.523333333333333
2014-09-15,2.53
2014-09-16,2.49
2014-09-17,2.49
2014-09-18,2.48
2014-09-19,2.5
2014-09-20,2.46
2014-09-21,2.42
2014-09-22,2.38
2014-09-23,2.41
2014-09-24,2.4
2014-09-25,2.42
2014-09-26,2.35
2014-09-27,2.33
2014-09-28,2.31
2014-09-29,2.29
2014-09-30,2.38
2014-10-01,2.32
2014-10-02,2.33
2014-10-03,2.3
2014-10-04,2.3033333333333332
2014-10-05,2.3066666666666666
2014-10-06,2.31
2014-10-07,2.32
2014-10-08,2.38
2014-10-09,2.42
2014-10-10,2.4
2014-10-11,2.4074999999999998
2014-10-12,2.415
2014-10-13,2.4225000000000003
2014-10-14,2.43
2014-10-15,2.35
2014-10-16,2.41
2014-10-17,2.41
2014-10-18,2.396666666666667
2014-10-19,2.3833333333333333
2014-10-20,2.37
2014-10-21,2.38
2014-10-22,2.35
2014-10-23,2.39
2014-10-24,2.34
2014-10-25,2.34
2014-10-26,2.34
2014-10-27,2.34
2014-10-28,2.35
2014-10-29,2.37
2014-10-30,2.31
2014-10-31,2.31
2014-11-01,2.31
2014-11-02,2.31
2014-11-03,2.31
2014-11-04,2.35
2014-11-05,2.32
2014-11-06,2.3
2014-11-07,2.29
2014-11-08,2.2933333333333334
2014-11-09,2.2966666666666664
2014-11-10,2.3
2014-11-11,2.295
2014-11-12,2.29
2014-11-13,2.28
2014-11-14,2.33
2014-11-15,2.32
2014-11-16,2.31
2014-11-17,2.3
2014-11-18,2.26
2014-11-19,2.27
2014-11-20,2.29
2014-11-21,2.28
2014-11-22,2.283333333333333
2014-11-23,2.2866666666666666
2014-11-24,2.29
2014-11-25,2.23
2014-11-26,2.2
2014-11-27,2.1950000000000003
2014-11-28,2.19
2014-11-29,2.19
2014-11-30,2.19
2014-12-01,2.19
2014-12-02,2.18
2014-12-03,2.2
2014-12-04,2.18
2014-12-05,2.15
2014-12-06,2.16
2014-12-07,2.17
2014-12-08,2.18
2014-12-09,2.12
2014-12-10,2.15
2014-12-11,2.13
2014-12-12,2.08
2014-12-13,2.0766666666666667
2014-12-14,2.0733333333333333
2014-12-15,2.07
2014-12-16,2.09
2014-12-17,2.08
2014-12-18,2.1
2014-12-19,2.09
2014-12-20,2.0966666666666667
2014-12-21,2.103333333333333
2014-12-22,2.11
2014-12-23,2.1
2014-12-24,2.1
2014-12-25,2.09
2014-12-26,2.08
2014-12-27,2.08
2014-12-28,2.08
2014-12-29,2.08
2014-12-30,2.07
2014-12-31,2.09
2015-01-01,2.105
2015-01-02,2.12
2015-01-03,2.09
2015-01-04,2.06
2015-01-05,2.03
2015-01-06,1.96
2015-01-07,1.98
2015-01-08,2.03
2015-01-09,2.04
2015-01-10,2.02
2015-01-11,2
2015-01-12,1.98
2015-01-13,2.03
2015-01-14,1.96
2015-01-15,1.98
2015-01-16,2.01
2015-01-17,2.005
2015-01-18,2
2015-01-19,1.9949999999999999
2015-01-20,1.99
2015-01-21,2.05
2015-01-22,2.03
2015-01-23,1.99
2015-01-24,1.9866666666666666
2015-01-25,1.9833333333333334
2015-01-26,1.98
2015-01-27,2.03
2015-01-28,1.98
2015-01-29,1.93
2015-01-30,2.01
2015-01-31,1.9999999999999998
2015-02-01,1.99
2015-02-02,1.98
2015-02-03,2
2015-02-04,2.07
2015-02-05,2.02
2015-02-06,2.06
2015-02-07,2.06
2015-02-08,2.06
2015-02-09,2.06
2015-02-10,2.08
2015-02-11,2.04
2015-02-12,1.95
2015-02-13,2.04
2015-02-14,2.0525
2015-02-15,2.065
2015-02-16,2.0774999999999997
2015-02-17,2.09
2015-02-18,2.1
2015-02-19,2.13
2015-02-20,2.13
2015-02-21,2.12
2015-02-22,2.11
2015-02-23,2.1
2015-02-24,2.11
2015-02-25,2.08
2015-02-26,2.09
2015-02-27,2.17
2015-02-28,2.1533333333333333
2015-03-01,2.1366666666666667
2015-03-02,2.12
2015-03-03,2.15
2015-03-04,2.13
2015-03-05,2.15
2015-03-06,2.11
2015-03-07,2.09
2015-03-08,2.07
2015-03-09,2.05
2015-03-10,2.1
2015-03-11,1.99
2015-03-12,2.01
2015-03-13,1.98
2015-03-14,1.9966666666666666
2015-03-15,2.013333333333333
2015-03-16,2.03
2015-03-17,1.94
2015-03-18,2.07
2015-03-19,2.09
2015-03-20,2.02
2015-03-21,2.02
2015-03-22,2.02
2015-03-23,2.02
2015-03-24,2.01
2015-03-25,2.06
2015-03-26,2.03
2015-03-27,1.98
2015-03-28,1.9766666666666666
2015-03-29,1.9733333333333334
2015-03-30,1.97
2015-03-31,2.01
2015-04-01,2.02
2015-04-02,2.06
2015-04-03,2.08
2015-04-04,2.086666666666667
2015-04-05,2.0933333333333333
2015-04-06,2.1
2015-04-07,2.1
2015-04-08,2.1
2015-04-09,2.09
2015-04-10,2.08
2015-04-11,2.07
2015-04-12,2.06
2015-04-13,2.05
2015-04-14,2.05
2015-04-15,2.09
2015-04-16,2.12
2015-04-17,2.13
2015-04-18,2.1466666666666665
2015-04-19,2.1633333333333336
2015-04-20,2.18
2015-04-21,2.13
2015-04-22,2.14
2015-04-23,2.08
2015-04-24,2.07
2015-04-25,2.083333333333333
2015-04-26,2.0966666666666667
2015-04-27,2.11
2015-04-28,2.09
2015-04-29,2.14
2015-04-30,2.16
2015-05-01,2.16
2015-05-02,2.1566666666666667
2015-05-03,2.1533333333333333
2015-05-04,2.15
2015-05-05,2.16
2015-05-06,2.13
2015-05-07,2.1
2015-05-08,2.1
2015-05-09,2.106666666666667
2015-05-10,2.1133333333333333
2015-05-11,2.12
2015-05-12,2.11
2015-05-13,2.05
2015-05-14,2.09
2015-05-15,2.04
2015-05-16,2.0533333333333332
2015-05-17,2.066666666666667
2015-05-18,2.08
2015-05-19,2.08
2015-05-20,2.11
2015-05-21,2.05
2015-05-22,2.09
2015-05-23,2.08
2015-05-24,2.07
2015-05-25,2.0599999999999996
2015-05-26,2.05
2015-05-27,2.06
2015-05-28,2.07
2015-05-29,2.03
2015-05-30,2.0366666666666666
2015-05-31,2.043333333333333
2015-06-01,2.05
2015-06-02,2.07
2015-06-03,2.07
2015-06-04,2.03
2015-06-05,2.08
2015-06-06,2.0766666666666667
2015-06-07,2.0733333333333333
2015-06-08,2.07
2015-06-09,2.07
2015-06-10,2.08
2015-06-11,2.03
2015-06-12,2.04
2015-06-13,2.046666666666667
2015-06-14,2.0533333333333332
2015-06-15,2.06
2015-06-16,2.09
2015-06-17,2.11
2015-06-18,2.11
2015-06-19,2.09
2015-06-20,2.11
2015-06-21,2.13
2015-06-22,2.15
2015-06-23,2.17
2015-06-24,2.16
2015-06-25,2.19
2015-06-26,2.18
2015-06-27,2.17
2015-06-28,2.16
2015-06-29,2.15
2015-06-30,2.13
2015-07-01,2.18
2015-07-02,2.2
2015-07-03,2.1925
2015-07-04,2.185
2015-07-05,2.1775
2015-07-06,2.17
2015-07-07,2.17
2015-07-08,2.12
2015-07-09,2.14
2015-07-10,2.16
2015-07-11,2.16
2015-07-12,2.16
2015-07-13,2.16
2015-07-14,2.15
2015-07-15,2.15
2015-07-16,2.16
2015-07-17,2.16
2015-07-18,2.1566666666666667
2015-07-19,2.1533333333333333
2015-07-20,2.15
2015-07-21,2.15
2015-07-22,2.12
2015-07-23,2.13
2015-07-24,2.12
2015-07-25,2.1166666666666667
2015-07-26,2.1133333333333333
2015-07-27,2.11
2015-07-28,2.12
2015-07-29,2.14
2015-07-30,2.14
2015-07-31,2.12
2015-08-01,2.11
2015-08-02,2.1
2015-08-03,2.09
2015-08-04,2.11
2015-08-05,2.09
2015-08-06,2.03
2015-08-07,2.04
2015-08-08,2.0533333333333332
2015-08-09,2.066666666666667
2015-08-10,2.08
2015-08-11,2.05
2015-08-12,1.97
2015-08-13,2
2015-08-14,1.99
2015-08-15,1.9733333333333334
2015-08-16,1.9566666666666666
2015-08-17,1.94
2015-08-18,1.95
2015-08-19,1.97
2015-08-20,1.95
2015-08-21,1.93
2015-08-22,1.91
2015-08-23,1.8900000000000001
2015-08-24,1.87
2015-08-25,1.91
2015-08-26,1.93
2015-08-27,1.96
2015-08-28,2
2015-08-29,2
2015-08-30,2
2015-08-31,2
2015-09-01,1.96
2015-09-02,1.93
2015-09-03,1.92
2015-09-04,1.88
2015-09-05,1.8875
2015-09-06,1.895
2015-09-07,1.9024999999999999
2015-09-08,1.91
2015-09-09,1.97
2015-09-10,1.97
2015-09-11,1.97
2015-09-12,1.9566666666666666
2015-09-13,1.9433333333333334
2015-09-14,1.93
2015-09-15,1.92
2015-09-16,1.93
2015-09-17,1.92
2015-09-18,1.91
2015-09-19,1.9033333333333333
2015-09-20,1.8966666666666665
2015-09-21,1.89
2015-09-22,1.87
2015-09-23,1.88
2015-09-24,1.87
2015-09-25,1.81
2015-09-26,1.7933333333333334
2015-09-27,1.7766666666666666
2015-09-28,1.76
2015-09-29,1.75
2015-09-30,1.75
2015-10-01,1.79
2015-10-02,1.81
2015-10-03,1.82
2015-10-04,1.83
2015-10-05,1.84
2015-10-06,1.82
2015-10-07,1.88
2015-10-08,1.9
2015-10-09,1.86
2015-10-10,1.86
2015-10-11,1.86
2015-10-12,1.86
2015-10-13,1.86
2015-10-14,1.83
2015-10-15,1.82
2015-10-16,1.78
2015-10-17,1.7766666666666666
2015-10-18,1.7733333333333334
2015-10-19,1.77
2015-10-20,1.8
2015-10-21,1.77
2015-10-22,1.8
2015-10-23,1.83
2015-10-24,1.82
2015-10-25,1.81
2015-10-26,1.8
2015-10-27,1.81
2015-10-28,1.8
2015-10-29,1.85
2015-10-30,1.86
2015-10-31,1.8633333333333335
2015-11-01,1.8666666666666667
2015-11-02,1.87
2015-11-03,1.89
2015-11-04,1.88
2015-11-05,1.87
2015-11-06,1.93
2015-11-07,1.9266666666666665
2015-11-08,1.9233333333333333
2015-11-09,1.92
2015-11-10,1.85
2015-11-11,1.8450000000000002
2015-11-12,1.84
2015-11-13,1.83
2015-11-14,1.8266666666666667
2015-11-15,1.8233333333333335
2015-11-16,1.82
2015-11-17,1.83
2015-11-18,1.87
2015-11-19,1.85
2015-11-20,1.89
2015-11-21,1.89
2015-11-22,1.89
2015-11-23,1.89
2015-11-24,1.91
2015-11-25,1.91
2015-11-26,1.9
2015-11-27,1.89
2015-11-28,1.8866666666666665
2015-11-29,1.8833333333333333
2015-11-30,1.88
2015-12-01,1.85
2015-12-02,1.85
2015-12-03,1.89
2015-12-04,1.9
2015-12-05,1.89
2015-12-06,1.8800000000000001
2015-12-07,1.87
2015-12-08,1.87
2015-12-09,1.85
2015-12-10,1.82
2015-12-11,1.75
2015-12-12,1.7433333333333334
2015-12-13,1.7366666666666666
2015-12-14,1.73
2015-12-15,1.74
2015-12-16,1.72
2015-12-17,1.73
2015-12-18,1.71
2015-12-19,1.71
2015-12-20,1.71
2015-12-21,1.71
2015-12-22,1.73
2015-12-23,1.77
2015-12-24,1.81
2015-12-25,1.7975
2015-12-26,1.7850000000000001
2015-12-27,1.7725
2015-12-28,1.76
2015-12-29,1.78
2015-12-30,1.8
2015-12-31,1.77
2016-01-01,1.775
2016-01-02,1.78
2016-01-03,1.7850000000000001
2016-01-04,1.79
2016-01-05,1.81
2016-01-06,1.8
2016-01-07,1.75
2016-01-08,1.73
2016-01-09,1.7233333333333334
2016-01-10,1.7166666666666666
2016-01-11,1.71
2016-01-12,1.67
2016-01-13,1.68
2016-01-14,1.66
2016-01-15,1.6
2016-01-16,1.6
2016-01-17,1.6
2016-01-18,1.6
2016-01-19,1.6
2016-01-20,1.54
2016-01-21,1.48
2016-01-22,1.55
2016-01-23,1.5433333333333334
2016-01-24,1.5366666666666666
2016-01-25,1.53
2016-01-26,1.55
2016-01-27,1.62
2016-01-28,1.64
2016-01-29,1.63
2016-01-30,1.6199999999999999
2016-01-31,1.61
2016-02-01,1.6
2016-02-02,1.58
2016-02-03,1.6
2016-02-04,1.59
2016-02-05,1.59
2016-02-06,1.5566666666666666
2016-02-07,1.5233333333333334
2016-02-08,1.49
2016-02-09,1.49
2016-02-10,1.47
2016-02-11,1.42
2016-02-12,1.47
2016-02-13,1.47
2016-02-14,1.47
2016-02-15,1.47
2016-02-16,1.47
2016-02-17,1.52
2016-02-18,1.46
2016-02-19,1.46
2016-02-20,1.4766666666666666
2016-02-21,1.4933333333333334
2016-02-22,1.51
2016-02-23,1.51
2016-02-24,1.57
2016-02-25,1.6
2016-02-26,1.62
2016-02-27,1.6166666666666667
2016-02-28,1.6133333333333335
2016-02-29,1.61
2016-03-01,1.67
2016-03-02,1.68
2016-03-03,1.7
2016-03-04,1.66
2016-03-05,1.64
2016-03-06,1.62
2016-03-07,1.6
2016-03-08,1.59
2016-03-09,1.65
2016-03-10,1.61
2016-03-11,1.67
2016-03-12,1.6666666666666665
2016-03-13,1.6633333333333333
2016-03-14,1.66
2016-03-15,1.65
2016-03-16,1.71
2016-03-17,1.68
2016-03-18,1.75
2016-03-19,1.76
2016-03-20,1.77
2016-03-21,1.78
2016-03-22,1.78
2016-03-23,1.72
2016-03-24,1.72
2016-03-25,1.72
2016-03-26,1.72
2016-03-27,1.72
2016-03-28,1.72
2016-03-29,1.75
2016-03-30,1.78
2016-03-31,1.75
2016-04-01,1.75
2016-04-02,1.7666666666666666
2016-04-03,1.7833333333333334
2016-04-04,1.8
2016-04-05,1.75
2016-04-06,1.75
2016-04-07,1.75
2016-04-08,1.73
2016-04-09,1.7233333333333334
2016-04-10,1.7166666666666666
2016-04-11,1.71
2016-04-12,1.75
2016-04-13,1.69
2016-04-14,1.7
2016-04-15,1.7
2016-04-16,1.71
2016-04-17,1.72
2016-04-18,1.73
2016-04-19,1.74
2016-04-20,1.75
2016-04-21,1.72
2016-04-22,1.72
2016-04-23,1.7266666666666666
2016-04-24,1.7333333333333334
2016-04-25,1.74
2016-04-26,1.78
2016-04-27,1.79
2016-04-28,1.83
2016-04-29,1.82
2016-04-30,1.8066666666666666
2016-05-01,1.7933333333333334
2016-05-02,1.78
2016-05-03,1.74
2016-05-04,1.74
2016-05-05,1.74
2016-05-06,1.71
2016-05-07,1.7
2016-05-08,1.69
2016-05-09,1.68
2016-05-10,1.71
2016-05-11,1.65
2016-05-12,1.67
2016-05-13,1.64
2016-05-14,1.65
2016-05-15,1.66
2016-05-16,1.67
2016-05-17,1.66
2016-05-18,1.68
2016-05-19,1.61
2016-05-20,1.61
2016-05-21,1.6033333333333335
2016-05-22,1.5966666666666667
2016-05-23,1.59
2016-05-24,1.59
2016-05-25,1.65
2016-05-26,1.65
2016-05-27,1.65
2016-05-28,1.64
2016-05-29,1.63
2016-05-30,1.62
2016-05-31,1.61
2016-06-01,1.61
2016-06-02,1.6
2016-06-03,1.59
2016-06-04,1.59
2016-06-05,1.59
2016-06-06,1.59
2016-06-07,1.63
2016-06-08,1.64
2016-06-09,1.59
2016-06-10,1.55
2016-06-11,1.53
2016-06-12,1.51
2016-06-13,1.49
2016-06-14,1.45
2016-06-15,1.47
2016-06-16,1.42
2016-06-17,1.41
2016-06-18,1.4166666666666665
2016-06-19,1.4233333333333333
2016-06-20,1.43
2016-06-21,1.45
2016-06-22,1.47
2016-06-23,1.53
2016-06-24,1.48
2016-06-25,1.4566666666666666
2016-06-26,1.4333333333333333
2016-06-27,1.41
2016-06-28,1.42
2016-06-29,1.44
2016-06-30,1.42
2016-07-01,1.43
2016-07-02,1.4249999999999998
2016-07-03,1.42
2016-07-04,1.415
2016-07-05,1.41
2016-07-06,1.45
2016-07-07,1.45
2016-07-08,1.47
2016-07-09,1.4566666666666666
2016-07-10,1.4433333333333334
2016-07-11,1.43
2016-07-12,1.46
2016-07-13,1.47
2016-07-14,1.46
2016-07-15,1.54
2016-07-16,1.55
2016-07-17,1.56
2016-07-18,1.57
2016-07-19,1.49
2016-07-20,1.52
2016-07-21,1.66
2016-07-22,1.66
2016-07-23,1.66
2016-07-24,1.66
2016-07-25,1.66
2016-07-26,1.67
2016-07-27,1.67
2016-07-28,1.71
2016-07-29,1.67
2016-07-30,1.6633333333333333
2016-07-31,1.6566666666666665
2016-08-01,1.65
2016-08-02,1.63
2016-08-03,1.64
2016-08-04,1.64
2016-08-05,1.67
2016-08-06,1.6733333333333333
2016-08-07,1.6766666666666665
2016-08-08,1.68
2016-08-09,1.68
2016-08-10,1.61
2016-08-11,1.62
2016-08-12,1.59
2016-08-13,1.5933333333333335
2016-08-14,1.5966666666666667
2016-08-15,1.6
2016-08-16,1.6
2016-08-17,1.63
2016-08-18,1.62
2016-08-19,1.62
2016-08-20,1.6133333333333335
2016-08-21,1.6066666666666667
2016-08-22,1.6
2016-08-23,1.62
2016-08-24,1.64
2016-08-25,1.65
2016-08-26,1.63
2016-08-27,1.63
2016-08-28,1.63
2016-08-29,1.63
2016-08-30,1.64
2016-08-31,1.67
2016-09-01,1.66
2016-09-02,1.66
2016-09-03,1.6675
2016-09-04,1.6749999999999998
2016-09-05,1.6824999999999999
2016-09-06,1.69
2016-09-07,1.72
2016-09-08,1.7
2016-09-09,1.68
2016-09-10,1.6833333333333333
2016-09-11,1.6866666666666665
2016-09-12,1.69
2016-09-13,1.67
2016-09-14,1.68
2016-09-15,1.67
2016-09-16,1.68
2016-09-17,1.67
2016-09-18,1.66
2016-09-19,1.65
2016-09-20,1.65
2016-09-21,1.65
2016-09-22,1.7
2016-09-23,1.72
2016-09-24,1.7066666666666666
2016-09-25,1.6933333333333334
2016-09-26,1.68
2016-09-27,1.66
2016-09-28,1.68
2016-09-29,1.64
2016-09-30,1.75
2016-10-01,1.7633333333333334
2016-10-02,1.7766666666666666
2016-10-03,1.79
2016-10-04,1.79
2016-10-05,1.76
2016-10-06,1.79
2016-10-07,1.76
2016-10-08,1.7625
2016-10-09,1.7650000000000001
2016-10-10,1.7675
2016-10-11,1.77
2016-10-12,1.77
2016-10-13,1.76
2016-10-14,1.81
2016-10-15,1.81
2016-10-16,1.81
2016-10-17,1.81
2016-10-18,1.78
2016-10-19,1.8
2016-10-20,1.8
2016-10-21,1.78
2016-10-22,1.7833333333333334
2016-10-23,1.7866666666666666
2016-10-24,1.79
2016-10-25,1.83
2016-10-26,1.84
2016-10-27,1.87
2016-10-28,1.86
2016-10-29,1.8633333333333335
2016-10-30,1.8666666666666667
2016-10-31,1.87
2016-11-01,1.85
2016-11-02,1.85
2016-11-03,1.84
2016-11-04,1.84
2016-11-05,1.8466666666666667
2016-11-06,1.8533333333333335
2016-11-07,1.86
2016-11-08,1.89
2016-11-09,1.97
2016-11-10,2.06
2016-11-11,2.0475
2016-11-12,2.035
2016-11-13,2.0225
2016-11-14,2.01
2016-11-15,1.97
2016-11-16,2
2016-11-17,2.03
2016-11-18,2.06
2016-11-19,2.066666666666667
2016-11-20,2.0733333333333333
2016-11-21,2.08
2016-11-22,2.05
2016-11-23,2.1
2016-11-24,2.0700000000000003
2016-11-25,2.04
2016-11-26,2.03
2016-11-27,2.02
2016-11-28,2.01
2016-11-29,2.03
2016-11-30,2.11
2016-12-01,2.13
2016-12-02,2.06
2016-12-03,2.07
2016-12-04,2.08
2016-12-05,2.09
2016-12-06,2.1
2016-12-07,2.06
2016-12-08,2.07
2016-12-09,2.09
2016-12-10,2.0933333333333333
2016-12-11,2.0966666666666667
2016-12-12,2.1
2016-12-13,2.04
2016-12-14,2.06
2016-12-15,2.02
2016-12-16,1.97
2016-12-17,1.9733333333333334
2016-12-18,1.9766666666666666
2016-12-19,1.98
2016-12-20,2
2016-12-21,2.08
2016-12-22,2.04
2016-12-23,2.1
2016-12-24,2.1
2016-12-25,2.1
2016-12-26,2.1
2016-12-27,2.1
2016-12-28,2.05
2016-12-29,2.07
2016-12-30,2.06
2016-12-31,2.0700000000000003
2017-01-01,2.08
2017-01-02,2.09
2017-01-03,2.1
2017-01-04,2.12
2017-01-05,2.07
2017-01-06,2.08
2017-01-07,2.07
2017-01-08,2.06
2017-01-09,2.05
2017-01-10,2.06
2017-01-11,2.13
2017-01-12,2.09
2017-01-13,2.13
2017-01-14,2.1225
2017-01-15,2.115
2017-01-16,2.1075
2017-01-17,2.1
2017-01-18,2.14
2017-01-19,2.18
2017-01-20,2.16
2017-01-21,2.166666666666667
2017-01-22,2.1733333333333333
2017-01-23,2.18
2017-01-24,2.19
2017-01-25,2.2
2017-01-26,2.22
2017-01-27,2.2
2017-01-28,2.1966666666666668
2017-01-29,2.1933333333333334
2017-01-30,2.19
2017-01-31,2.16
2017-02-01,2.18
2017-02-02,2.17
2017-02-03,2.19
2017-02-04,2.17
2017-02-05,2.15
2017-02-06,2.13
2017-02-07,2.13
2017-02-08,2.1
2017-02-09,2.12
2017-02-10,2.15
2017-02-11,2.143333333333333
2017-02-12,2.1366666666666667
2017-02-13,2.13
2017-02-14,2.15
2017-02-15,2.19
2017-02-16,2.14
2017-02-17,2.17
2017-02-18,2.175
2017-02-19,2.1799999999999997
2017-02-20,2.185
2017-02-21,2.19
2017-02-22,2.16
2017-02-23,2.16
2017-02-24,2.1
2017-02-25,2.12
2017-02-26,2.14
2017-02-27,2.16
2017-02-28,2.15
2017-03-01,2.22
2017-03-02,2.18
2017-03-03,2.16
2017-03-04,2.146666666666667
2017-03-05,2.1333333333333333
2017-03-06,2.12
2017-03-07,2.14
2017-03-08,2.12
2017-03-09,2.11
2017-03-10,2.12
2017-03-11,2.1333333333333333
2017-03-12,2.146666666666667
2017-03-13,2.16
2017-03-14,2.1
2017-03-15,2.18
2017-03-16,2.17
2017-03-17,2.13
2017-03-18,2.1333333333333333
2017-03-19,2.1366666666666667
2017-03-20,2.14
2017-03-21,2.16
2017-03-22,2.15
2017-03-23,2.15
2017-03-24,2.23
2017-03-25,2.216666666666667
2017-03-26,2.203333333333333
2017-03-27,2.19
2017-03-28,2.21
2017-03-29,2.16
2017-03-30,2.11
2017-03-31,2.17
2017-04-01,2.1766666666666667
2017-04-02,2.183333333333333
2017-04-03,2.19
2017-04-04,2.15
2017-04-05,2.17
2017-04-06,2.19
2017-04-07,2.18
2017-04-08,2.1766666666666667
2017-04-09,2.1733333333333333
2017-04-10,2.17
2017-04-11,2.12
2017-04-12,2.11
2017-04-13,2.1
2017-04-14,2.0925000000000002
2017-04-15,2.085
2017-04-16,2.0774999999999997
2017-04-17,2.07
2017-04-18,2.05
2017-04-19,2.04
2017-04-20,1.88
2017-04-21,1.89
2017-04-22,1.9033333333333333
2017-04-23,1.9166666666666665
2017-04-24,1.93
2017-04-25,1.97
2017-04-26,1.97
2017-04-27,2.01
2017-04-28,2.03
2017-04-29,2.033333333333333
2017-04-30,2.0366666666666666
2017-05-01,2.04
2017-05-02,1.99
2017-05-03,1.98
2017-05-04,2
2017-05-05,1.97
2017-05-06,1.97
2017-05-07,1.97
2017-05-08,1.97
2017-05-09,1.98
2017-05-10,1.92
2017-05-11,1.94
2017-05-12,1.93
2017-05-13,1.92
2017-05-14,1.91
2017-05-15,1.9
2017-05-16,1.9
2017-05-17,1.86
2017-05-18,1.88
2017-05-19,1.89
2017-05-20,1.89
2017-05-21,1.89
2017-05-22,1.89
2017-05-23,1.89
2017-05-24,1.89
2017-05-25,1.9
2017-05-26,1.89
2017-05-27,1.89
2017-05-28,1.89
2017-05-29,1.89
2017-05-30,1.89
2017-05-31,1.9
2017-06-01,1.89
2017-06-02,1.86
2017-06-03,1.86
2017-06-04,1.86
2017-06-05,1.86
2017-06-06,1.83
2017-06-07,1.87
2017-06-08,1.87
2017-06-09,1.88
2017-06-10,1.8633333333333333
2017-06-11,1.8466666666666667
2017-06-12,1.83
2017-06-13,1.83
2017-06-14,1.83
2017-06-15,1.78
2017-06-16,1.78
2017-06-17,1.78
2017-06-18,1.78
2017-06-19,1.78
2017-06-20,1.78
2017-06-21,1.78
2017-06-22,1.81
2017-06-23,1.81
2017-06-24,1.81
2017-06-25,1.81
2017-06-26,1.81
2017-06-27,1.8
2017-06-28,1.81
2017-06-29,1.82
2017-06-30,1.83
2017-07-01,1.8333333333333335
2017-07-02,1.8366666666666667
2017-07-03,1.84
2017-07-04,1.8450000000000002
2017-07-05,1.85
2017-07-06,1.86
2017-07-07,1.83
2017-07-08,1.8333333333333335
2017-07-09,1.8366666666666667
2017-07-10,1.84
2017-07-11,1.89
2017-07-12,1.89
2017-07-13,1.9
2017-07-14,1.9
2017-07-15,1.9
2017-07-16,1.9
2017-07-17,1.9
2017-07-18,1.9
2017-07-19,1.87
2017-07-20,1.92
2017-07-21,1.9
2017-07-22,1.9133333333333333
2017-07-23,1.9266666666666665
2017-07-24,1.94
2017-07-25,1.95
2017-07-26,1.94
2017-07-27,1.98
2017-07-28,1.98
2017-07-29,1.9766666666666666
2017-07-30,1.9733333333333334
2017-07-31,1.97
2017-08-01,1.96
2017-08-02,1.95
2017-08-03,1.94
2017-08-04,1.95
2017-08-05,1.95
2017-08-06,1.95
2017-08-07,1.95
2017-08-08,1.97
2017-08-09,1.94
2017-08-10,1.92
2017-08-11,1.94
2017-08-12,1.9433333333333334
2017-08-13,1.9466666666666665
2017-08-14,1.95
2017-08-15,1.93
2017-08-16,1.94
2017-08-17,1.93
2017-08-18,1.91
2017-08-19,1.91
2017-08-20,1.91
2017-08-21,1.91
2017-08-22,1.93
2017-08-23,1.92
2017-08-24,1.9
2017-08-25,1.93
2017-08-26,1.9333333333333333
2017-08-27,1.9366666666666665
2017-08-28,1.94
2017-08-29,1.94
2017-08-30,1.95
2017-08-31,1.94
2017-09-01,1.95
2017-09-02,1.9525
2017-09-03,1.955
2017-09-04,1.9575
2017-09-05,1.96
2017-09-06,1.96
2017-09-07,1.97
2017-09-08,1.99
2017-09-09,2.0033333333333334
2017-09-10,2.0166666666666666
2017-09-11,2.03
2017-09-12,2.01
2017-09-13,2.02
2017-09-14,2
2017-09-15,1.98
2017-09-16,1.9866666666666666
2017-09-17,1.9933333333333334
2017-09-18,2
2017-09-19,2
2017-09-20,1.99
2017-09-21,1.96
2017-09-22,1.97
2017-09-23,1.9666666666666666
2017-09-24,1.9633333333333334
2017-09-25,1.96
2017-09-26,1.96
2017-09-27,2
2017-09-28,2.01
2017-09-29,2
2017-09-30,1.9766666666666666
2017-10-01,1.9533333333333334
2017-10-02,1.93
2017-10-03,2
2017-10-04,1.97
2017-10-05,1.98
2017-10-06,1.96
2017-10-07,1.9725
2017-10-08,1.9849999999999999
2017-10-09,1.9974999999999998
2017-10-10,2.01
2017-10-11,2.03
2017-10-12,1.99
2017-10-13,1.99
2017-10-14,2
2017-10-15,2.01
2017-10-16,2.02
2017-10-17,1.95
2017-10-18,1.99
2017-10-19,2.02
2017-10-20,1.98
2017-10-21,1.9966666666666666
2017-10-22,2.013333333333333
2017-10-23,2.03
2017-10-24,2.01
2017-10-25,2.02
2017-10-26,2.02
2017-10-27,2
2017-10-28,1.99
2017-10-29,1.98
2017-10-30,1.97
2017-10-31,1.97
2017-11-01,2.05
2017-11-02,1.95
2017-11-03,1.98
2017-11-04,1.97
2017-11-05,1.96
2017-11-06,1.95
2017-11-07,1.96
2017-11-08,1.97
2017-11-09,1.94
2017-11-10,1.98
2017-11-11,1.9766666666666666
2017-11-12,1.9733333333333334
2017-11-13,1.97
2017-11-14,1.95
2017-11-15,1.92
2017-11-16,1.89
2017-11-17,1.97
2017-11-18,1.9666666666666666
2017-11-19,1.9633333333333334
2017-11-20,1.96
2017-11-21,1.93
2017-11-22,1.93
2017-11-23,1.95
2017-11-24,1.97
2017-11-25,1.97
2017-11-26,1.97
2017-11-27,1.97
2017-11-28,1.99
2017-11-29,1.99
2017-11-30,1.99
2017-12-01,2
2017-12-02,1.9933333333333334
2017-12-03,1.9866666666666666
2017-12-04,1.98
2017-12-05,2.03
2017-12-06,1.98
2017-12-07,2
2017-12-08,2.05
2017-12-09,2.033333333333333
2017-12-10,2.0166666666666666
2017-12-11,2
2017-12-12,2
2017-12-13,2.02
2017-12-14,1.98
2017-12-15,1.99
2017-12-16,2.0166666666666666
2017-12-17,2.043333333333333
2017-12-18,2.07
2017-12-19,2.08
2017-12-20,2.1
2017-12-21,2.02
2017-12-22,2.06
2017-12-23,2.075
2017-12-24,2.09
2017-12-25,2.105
2017-12-26,2.12
2017-12-27,2.06
2017-12-28,2.06
2017-12-29,2.06
2017-12-30,2.0700000000000003
2017-12-31,2.08
2018-01-01,2.09
2018-01-02,2.1
2018-01-03,2.09
2018-01-04,2.1
2018-01-05,2.07
2018-01-06,2.09
2018-01-07,2.11
2018-01-08,2.13
2018-01-09,2.11
2018-01-10,2.12
2018-01-11,2.11
2018-01-12,2.1
2018-01-13,2.105
2018-01-14,2.1100000000000003
2018-01-15,2.115
2018-01-16,2.12
2018-01-17,2.18
2018-01-18,2.11
2018-01-19,2.12
2018-01-20,2.12
2018-01-21,2.12
2018-01-22,2.12
2018-01-23,2.2
2018-01-24,2.18
2018-01-25,2.23
2018-01-26,2.25
2018-01-27,2.2533333333333334
2018-01-28,2.2566666666666664
2018-01-29,2.26
2018-01-30,2.23
2018-01-31,2.24
2018-02-01,2.29
2018-02-02,2.35
2018-02-03,2.316666666666667
2018-02-04,2.283333333333333
2018-02-05,2.25
2018-02-06,2.32
2018-02-07,2.3
2018-02-08,2.29
2018-02-09,2.27
2018-02-10,2.28
2018-02-11,2.29
2018-02-12,2.3
2018-02-13,2.22
2018-02-14,2.27
2018-02-15,2.22
2018-02-16,2.18
2018-02-17,2.1750000000000003
2018-02-18,2.17
2018-02-19,2.165
2018-02-20,2.16
2018-02-21,2.18
2018-02-22,2.16
2018-02-23,2.2
2018-02-24,2.1966666666666668
2018-02-25,2.1933333333333334
2018-02-26,2.19
2018-02-27,2.17
2018-02-28,2.2
2018-03-01,2.17
2018-03-02,2.21
2018-03-03,2.21
2018-03-04,2.21
2018-03-05,2.21
2018-03-06,2.14
2018-03-07,2.16
2018-03-08,2.14
2018-03-09,2.28
2018-03-10,2.2466666666666666
2018-03-11,2.2133333333333334
2018-03-12,2.18
2018-03-13,2.13
2018-03-14,2.1
2018-03-15,2.09
2018-03-16,2.11
2018-03-17,2.1133333333333333
2018-03-18,2.1166666666666667
2018-03-19,2.12
2018-03-20,2.11
2018-03-21,2.22
2018-03-22,2.13
2018-03-23,2.13
2018-03-24,2.1366666666666667
2018-03-25,2.143333333333333
2018-03-26,2.15
2018-03-27,2.2
2018-03-28,2.19
2018-03-29,2.18
2018-03-30,2.1625
2018-03-31,2.145
2018-04-01,2.1275
2018-04-02,2.11
2018-04-03,2.17
2018-04-04,2.12
2018-04-05,2.23
2018-04-06,2.13
2018-04-07,2.1266666666666665
2018-04-08,2.1233333333333335
2018-04-09,2.12
2018-04-10,2.16
2018-04-11,2.16
2018-04-12,2.21
2018-04-13,2.25
2018-04-14,2.22
2018-04-15,2.19
2018-04-16,2.16
2018-04-17,2.27
2018-04-18,2.28
2018-04-19,2.22
2018-04-20,2.24
2018-04-21,2.2433333333333336
2018-04-22,2.2466666666666666
2018-04-23,2.25
2018-04-24,2.24
2018-04-25,2.25
2018-04-26,2.26
2018-04-27,2.25
2018-04-28,2.2466666666666666
2018-04-29,2.2433333333333336
2018-04-30,2.24
2018-05-01,2.23
2018-05-02,2.25
2018-05-03,2.23
2018-05-04,2.23
2018-05-05,2.23
2018-05-06,2.23
2018-05-07,2.23
2018-05-08,2.22
2018-05-09,2.23
2018-05-10,2.22
2018-05-11,2.17
2018-05-12,2.1733333333333333
2018-05-13,2.1766666666666667
2018-05-14,2.18
2018-05-15,2.21
2018-05-16,2.18
2018-05-17,2.16
2018-05-18,2.16
2018-05-19,2.1633333333333336
2018-05-20,2.1666666666666665
2018-05-21,2.17
2018-05-22,2.17
2018-05-23,2.16
2018-05-24,2.13
2018-05-25,2.14
2018-05-26,2.13
2018-05-27,2.12
2018-05-28,2.1100000000000003
2018-05-29,2.1
2018-05-30,2.12
2018-05-31,2.11
2018-06-01,2.12
2018-06-02,2.14
2018-06-03,2.16
2018-06-04,2.18
2018-06-05,2.21
2018-06-06,2.22
2018-06-07,2.18
2018-06-08,2.16
2018-06-09,2.166666666666667
2018-06-10,2.1733333333333333
2018-06-11,2.18
2018-06-12,2.19
2018-06-13,2.15
2018-06-14,2.17
2018-06-15,2.16
2018-06-16,2.16
2018-06-17,2.16
2018-06-18,2.16
2018-06-19,2.17
2018-06-20,2.18
2018-06-21,2.17
2018-06-22,2.17
2018-06-23,2.16
2018-06-24,2.15
2018-06-25,2.14
2018-06-26,2.17
2018-06-27,2.15
2018-06-28,2.13
2018-06-29,2.16
2018-06-30,2.1766666666666667
2018-07-01,2.1933333333333334
2018-07-02,2.21
2018-07-03,2.16
2018-07-04,2.16
2018-07-05,2.16
2018-07-06,2.16
2018-07-07,2.16
2018-07-08,2.16
2018-07-09,2.16
2018-07-10,2.17
2018-07-11,2.15
2018-07-12,2.14
2018-07-13,2.15
2018-07-14,2.15
2018-07-15,2.15
2018-07-16,2.15
2018-07-17,2.15
2018-07-18,2.15
2018-07-19,2.17
2018-07-20,2.2
2018-07-21,2.2033333333333336
2018-07-22,2.2066666666666666
2018-07-23,2.21
2018-07-24,2.22
2018-07-25,2.25
2018-07-26,2.22
2018-07-27,2.24
2018-07-28,2.2433333333333336
2018-07-29,2.2466666666666666
2018-07-30,2.25
2018-07-31,2.24
2018-08-01,2.26
2018-08-02,2.25
2018-08-03,2.24
2018-08-04,2.24
2018-08-05,2.24
2018-08-06,2.24
2018-08-07,2.26
2018-08-08,2.24
2018-08-09,2.25
2018-08-10,2.2
2018-08-11,2.2033333333333336
2018-08-12,2.2066666666666666
2018-08-13,2.21
2018-08-14,2.19
2018-08-15,2.19
2018-08-16,2.19
2018-08-17,2.2
2018-08-18,2.1966666666666668
2018-08-19,2.1933333333333334
2018-08-20,2.19
2018-08-21,2.19
2018-08-22,2.2
2018-08-23,2.19
2018-08-24,2.19
2018-08-25,2.2
2018-08-26,2.21
2018-08-27,2.22
2018-08-28,2.23
2018-08-29,2.24
2018-08-30,2.21
2018-08-31,2.18
2018-09-01,2.1875
2018-09-02,2.1950000000000003
2018-09-03,2.2025
2018-09-04,2.21
2018-09-05,2.2
2018-09-06,2.19
2018-09-07,2.22
2018-09-08,2.22
2018-09-09,2.22
2018-09-10,2.22
2018-09-11,2.23
2018-09-12,2.22
2018-09-13,2.22
2018-09-14,2.2
2018-09-15,2.2033333333333336
2018-09-16,2.2066666666666666
2018-09-17,2.21
2018-09-18,2.25
2018-09-19,2.28
2018-09-20,2.28
2018-09-21,2.28
2018-09-22,2.283333333333333
2018-09-23,2.2866666666666666
2018-09-24,2.29
2018-09-25,2.27
2018-09-26,2.24
2018-09-27,2.26
2018-09-28,2.25
2018-09-29,2.2466666666666666
2018-09-30,2.2433333333333336
2018-10-01,2.24
2018-10-02,2.21
2018-10-03,2.25
2018-10-04,2.26
2018-10-05,2.27
2018-10-06,2.275
2018-10-07,2.2800000000000002
2018-10-08,2.285
2018-10-09,2.29
2018-10-10,2.28
2018-10-11,2.25
2018-10-12,2.25
2018-10-13,2.2533333333333334
2018-10-14,2.2566666666666664
2018-10-15,2.26
2018-10-16,2.25
2018-10-17,2.26
2018-10-18,2.21
2018-10-19,2.24
2018-10-20,2.24
2018-10-21,2.24
2018-10-22,2.24
2018-10-23,2.24
2018-10-24,2.21
2018-10-25,2.19
2018-10-26,2.19
2018-10-27,2.1933333333333334
2018-10-28,2.1966666666666668
2018-10-29,2.2
2018-10-30,2.19
2018-10-31,2.2
2018-11-01,2.16
2018-11-02,2.21
2018-11-03,2.21
2018-11-04,2.21
2018-11-05,2.21
2018-11-06,2.22
2018-11-07,2.21
2018-11-08,2.22
2018-11-09,2.18
2018-11-10,2.1750000000000003
2018-11-11,2.17
2018-11-12,2.165
2018-11-13,2.16
2018-11-14,2.15
2018-11-15,2.15
2018-11-16,2.16
2018-11-17,2.15
2018-11-18,2.14
2018-11-19,2.13
2018-11-20,2.12
2018-11-21,2.13
2018-11-22,2.1399999999999997
2018-11-23,2.15
2018-11-24,2.1466666666666665
2018-11-25,2.1433333333333335
2018-11-26,2.14
2018-11-27,2.09
2018-11-28,2.14
2018-11-29,2.17
2018-11-30,2.17
2018-12-01,2.1666666666666665
2018-12-02,2.1633333333333336
2018-12-03,2.16
2018-12-04,2.14
2018-12-05,2.125
2018-12-06,2.11
2018-12-07,2.1
2018-12-08,2.09
2018-12-09,2.08
2018-12-10,2.07
2018-12-11,2.04
2018-12-12,2.04
2018-12-13,2.04
2018-12-14,2.04
2018-12-15,2.04
2018-12-16,2.04
2018-12-17,2.04
2018-12-18,2.04
2018-12-19,2.04
2018-12-20,1.99
2018-12-21,1.99
2018-12-22,1.9866666666666666
2018-12-23,1.9833333333333334
2018-12-24,1.98
2018-12-25,1.975
2018-12-26,1.97
2018-12-27,1.95
2018-12-28,1.94
2018-12-29,1.93
2018-12-30,1.92
2018-12-31,1.91
2019-01-01,1.91
2019-01-02,1.91
2019-01-03,1.87
2019-01-04,1.94
2019-01-05,1.9433333333333334
2019-01-06,1.9466666666666665
2019-01-07,1.95
2019-01-08,1.98
2019-01-09,1.98
2019-01-10,1.97
2019-01-11,2
2019-01-12,1.9933333333333334
2019-01-13,1.9866666666666666
2019-01-14,1.98
2019-01-15,1.99
2019-01-16,2
2019-01-17,1.94
2019-01-18,1.99
2019-01-19,1.98
2019-01-20,1.97
2019-01-21,1.96
2019-01-22,1.95
2019-01-23,1.96
2019-01-24,1.92
2019-01-25,1.94
2019-01-26,1.94
2019-01-27,1.94
2019-01-28,1.94
2019-01-29,1.94
2019-01-30,2
2019-01-31,2
2019-02-01,2.04
2019-02-02,2.033333333333333
2019-02-03,2.026666666666667
2019-02-04,2.02
2019-02-05,2.02
2019-02-06,2.01
2019-02-07,1.99
2019-02-08,1.95
2019-02-09,1.95
2019-02-10,1.95
2019-02-11,1.95
2019-02-12,1.95
2019-02-13,1.96
2019-02-14,1.96
2019-02-15,1.97
2019-02-16,1.9725
2019-02-17,1.975
2019-02-18,1.9775
2019-02-19,1.98
2019-02-20,1.99
2019-02-21,2.02
2019-02-22,2
2019-02-23,2.006666666666667
2019-02-24,2.013333333333333
2019-02-25,2.02
2019-02-26,2.02
2019-02-27,2.02
2019-02-28,2.06
2019-03-01,2.07
2019-03-02,2.06
2019-03-03,2.05
2019-03-04,2.04
2019-03-05,2.03
2019-03-06,2.01
2019-03-07,2
2019-03-08,2
2019-03-09,2
2019-03-10,2
2019-03-11,2
2019-03-12,1.99
2019-03-13,2
2019-03-14,2.03
2019-03-15,2.02
2019-03-16,2.026666666666667
2019-03-17,2.033333333333333
2019-03-18,2.04
2019-03-19,2.05
2019-03-20,2.04
2019-03-21,2.06
2019-03-22,2
2019-03-23,1.9966666666666666
2019-03-24,1.9933333333333334
2019-03-25,1.99
2019-03-26,1.97
2019-03-27,1.94
2019-03-28,1.94
2019-03-29,1.98
2019-03-30,1.98
2019-03-31,1.98
2019-04-01,1.98
2019-04-02,1.99
2019-04-03,2.01
2019-04-04,1.99
2019-04-05,2.01
2019-04-06,2.01
2019-04-07,2.01
2019-04-08,2.01
2019-04-09,2.02
2019-04-10,2.05
2019-04-11,2.06
2019-04-12,2.04
2019-04-13,2.0366666666666666
2019-04-14,2.033333333333333
2019-04-15,2.03
2019-04-16,2.06
2019-04-17,2.04
2019-04-18,2.04
2019-04-19,2.0375
2019-04-20,2.035
2019-04-21,2.0324999999999998
2019-04-22,2.03
2019-04-23,2.03
2019-04-24,2.05
2019-04-25,2.1
2019-04-26,2.08
2019-04-27,2.0733333333333333
2019-04-28,2.066666666666667
2019-04-29,2.06
2019-04-30,2.05
2019-05-01,2.03
2019-05-02,2
2019-05-03,2.02
2019-05-04,2.0166666666666666
2019-05-05,2.013333333333333
2019-05-06,2.01
2019-05-07,1.98
2019-05-08,1.99
2019-05-09,1.97
2019-05-10,2.01
2019-05-11,1.9966666666666666
2019-05-12,1.9833333333333332
2019-05-13,1.97
2019-05-14,1.97
2019-05-15,1.92
2019-05-16,1.93
2019-05-17,1.91
2019-05-18,1.91
2019-05-19,1.91
2019-05-20,1.91
2019-05-21,1.94
2019-05-22,1.9
2019-05-23,1.84
2019-05-24,1.9
2019-05-25,1.895
2019-05-26,1.89
2019-05-27,1.8849999999999998
2019-05-28,1.88
2019-05-29,1.91
2019-05-30,1.89
2019-05-31,1.9
2019-06-01,1.9
2019-06-02,1.9
2019-06-03,1.9
2019-06-04,1.89
2019-06-05,1.91
2019-06-06,1.88
2019-06-07,1.87
2019-06-08,1.8666666666666667
2019-06-09,1.8633333333333335
2019-06-10,1.86
2019-06-11,1.87
2019-06-12,1.89
2019-06-13,1.85
2019-06-14,1.78
2019-06-15,1.7766666666666666
2019-06-16,1.7733333333333334
2019-06-17,1.77
2019-06-18,1.79
2019-06-19,1.81
2019-06-20,1.9
2019-06-21,1.86
2019-06-22,1.8566666666666667
2019-06-23,1.8533333333333335
2019-06-24,1.85
2019-06-25,1.82
2019-06-26,1.84
2019-06-27,1.83
2019-06-28,1.85
2019-06-29,1.85
2019-06-30,1.85
2019-07-01,1.85
2019-07-02,1.8
2019-07-03,1.79
2019-07-04,1.81
2019-07-05,1.83
2019-07-06,1.8366666666666667
2019-07-07,1.8433333333333335
2019-07-08,1.85
2019-07-09,1.86
2019-07-10,1.89
2019-07-11,1.91
2019-07-12,1.92
2019-07-13,1.9233333333333333
2019-07-14,1.9266666666666665
2019-07-15,1.93
2019-07-16,1.97
2019-07-17,1.9
2019-07-18,1.98
2019-07-19,2
2019-07-20,1.9966666666666666
2019-07-21,1.9933333333333334
2019-07-22,1.99
2019-07-23,2.01
2019-07-24,1.99
2019-07-25,2
2019-07-26,1.99
2019-07-27,1.9833333333333334
2019-07-28,1.9766666666666666
2019-07-29,1.97
2019-07-30,1.98
2019-07-31,1.96
2019-08-01,1.93
2019-08-02,1.87
2019-08-03,1.85
2019-08-04,1.83
2019-08-05,1.81
2019-08-06,1.84
2019-08-07,1.86
2019-08-08,1.87
2019-08-09,1.88
2019-08-10,1.8633333333333333
2019-08-11,1.8466666666666667
2019-08-12,1.83
2019-08-13,1.82
2019-08-14,1.78
2019-08-15,1.74
2019-08-16,1.74
2019-08-17,1.7466666666666666
2019-08-18,1.7533333333333334
2019-08-19,1.76
2019-08-20,1.72
2019-08-21,1.74
2019-08-22,1.75
2019-08-23,1.73
2019-08-24,1.7333333333333334
2019-08-25,1.7366666666666666
2019-08-26,1.74
2019-08-27,1.74
2019-08-28,1.74
2019-08-29,1.79
2019-08-30,1.75
2019-08-31,1.74
2019-09-01,1.73
2019-09-02,1.72
2019-09-03,1.71
2019-09-04,1.71
2019-09-05,1.77
2019-09-06,1.73
2019-09-07,1.74
2019-09-08,1.75
2019-09-09,1.76
2019-09-10,1.8
2019-09-11,1.8
2019-09-12,1.83
2019-09-13,1.88
2019-09-14,1.8733333333333333
2019-09-15,1.8666666666666667
2019-09-16,1.86
2019-09-17,1.86
2019-09-18,1.78
2019-09-19,1.81
2019-09-20,1.8
2019-09-21,1.8
2019-09-22,1.8
2019-09-23,1.8
2019-09-24,1.77
2019-09-25,1.79
2019-09-26,1.74
2019-09-27,1.7
2019-09-28,1.7033333333333334
2019-09-29,1.7066666666666666
2019-09-30,1.71
2019-10-01,1.71
2019-10-02,1.71
2019-10-03,1.71
2019-10-04,1.73
2019-10-05,1.7366666666666666
2019-10-06,1.7433333333333334
2019-10-07,1.75
2019-10-08,1.71
2019-10-09,1.74
2019-10-10,1.75
2019-10-11,1.78
2019-10-12,1.7825
2019-10-13,1.7850000000000001
2019-10-14,1.7875
2019-10-15,1.79
2019-10-16,1.79
2019-10-17,1.66
2019-10-18,1.68
2019-10-19,1.6833333333333333
2019-10-20,1.6866666666666665
2019-10-21,1.69
2019-10-22,1.69
2019-10-23,1.7
2019-10-24,1.72
2019-10-25,1.75
2019-10-26,1.75
2019-10-27,1.75
2019-10-28,1.75
2019-10-29,1.71
2019-10-30,1.67
2019-10-31,1.64
2019-11-01,1.68
2019-11-02,1.6933333333333334
2019-11-03,1.7066666666666666
2019-11-04,1.72
2019-11-05,1.78
2019-11-06,1.75
2019-11-07,1.77
2019-11-08,1.79
2019-11-09,1.7925
2019-11-10,1.795
2019-11-11,1.7975
2019-11-12,1.8
2019-11-13,1.74
2019-11-14,1.7
2019-11-15,1.74
2019-11-16,1.7333333333333334
2019-11-17,1.7266666666666666
2019-11-18,1.72
2019-11-19,1.73
2019-11-20,1.69
2019-11-21,1.73
2019-11-22,1.71
2019-11-23,1.71
2019-11-24,1.71
2019-11-25,1.71
2019-11-26,1.72
2019-11-27,1.72
2019-11-28,1.72
2019-11-29,1.72
2019-11-30,1.7333333333333334
2019-12-01,1.7466666666666666
2019-12-02,1.76
2019-12-03,1.75
2019-12-04,1.78
2019-12-05,1.79
2019-12-06,1.79
2019-12-07,1.79
2019-12-08,1.79
2019-12-09,1.79
2019-12-10,1.83
2019-12-11,1.78
2019-12-12,1.82
2019-12-13,1.78
2019-12-14,1.7933333333333334
2019-12-15,1.8066666666666666
2019-12-16,1.82
2019-12-17,1.85
2019-12-18,1.84
2019-12-19,1.86
2019-12-20,1.87
2019-12-21,1.8566666666666667
2019-12-22,1.8433333333333335
2019-12-23,1.83
2019-12-24,1.83
2019-12-25,1.8250000000000002
2019-12-26,1.82
2019-12-27,1.82
2019-12-28,1.8266666666666667
2019-12-29,1.8333333333333335
2019-12-30,1.84
2019-12-31,1.86
2020-01-01,1.87
2020-01-02,1.88
2020-01-03,1.85
2020-01-04,1.8366666666666667
2020-01-05,1.8233333333333335
2020-01-06,1.81
2020-01-07,1.81
2020-01-08,1.82
2020-01-09,1.81
2020-01-10,1.85
2020-01-11,1.8466666666666667
2020-01-12,1.8433333333333335
2020-01-13,1.84
2020-01-14,1.84
2020-01-15,1.83
2020-01-16,1.8
2020-01-17,1.82
2020-01-18,1.82
2020-01-19,1.82
2020-01-20,1.82
2020-01-21,1.82
2020-01-22,1.8
2020-01-23,1.76
2020-01-24,1.74
2020-01-25,1.7266666666666666
2020-01-26,1.7133333333333334
2020-01-27,1.7
2020-01-28,1.71
2020-01-29,1.7
2020-01-30,1.69
2020-01-31,1.7
2020-02-01,1.7
2020-02-02,1.7
2020-02-03,1.7
2020-02-04,1.7
2020-02-05,1.71
2020-02-06,1.73
2020-02-07,1.71
2020-02-08,1.7066666666666666
2020-02-09,1.7033333333333334
2020-02-10,1.7
2020-02-11,1.7
2020-02-12,1.68
2020-02-13,1.69
2020-02-14,1.68
2020-02-15,1.6749999999999998
2020-02-16,1.67
2020-02-17,1.665
2020-02-18,1.66
2020-02-19,1.65
2020-02-20,1.63
2020-02-21,1.62
2020-02-22,1.6166666666666667
2020-02-23,1.6133333333333335
2020-02-24,1.61
2020-02-25,1.54
2020-02-26,1.58
2020-02-27,1.58
2020-02-28,1.49
2020-02-29,1.4933333333333334
2020-03-01,1.4966666666666666
2020-03-02,1.5
2020-03-03,1.56
2020-03-04,1.58
2020-03-05,1.52
2020-03-06,1.48
2020-03-07,1.38
2020-03-08,1.28
2020-03-09,1.18
2020-03-10,1.23
2020-03-11,1.23
2020-03-12,1.21
2020-03-13,1.27
2020-03-14,1.2333333333333334
2020-03-15,1.1966666666666665
2020-03-16,1.16
2020-03-17,1.1
2020-03-18,1.1
2020-03-19,0.86
2020-03-20,1.19
2020-03-21,1.2033333333333334
2020-03-22,1.2166666666666666
2020-03-23,1.23
2020-03-24,1.39
2020-03-25,1.45
2020-03-26,1.42
2020-03-27,1.34
2020-03-28,1.3366666666666667
2020-03-29,1.3333333333333335
2020-03-30,1.33
2020-03-31,1.25
2020-04-01,1.26
2020-04-02,1.33
2020-04-03,1.38
2020-04-04,1.3966666666666665
2020-04-05,1.4133333333333333
2020-04-06,1.43
2020-04-07,1.48
2020-04-08,1.51
2020-04-09,1.56
2020-04-10,1.565
2020-04-11,1.57
2020-04-12,1.5750000000000002
2020-04-13,1.58
2020-04-14,1.64
2020-04-15,1.51
2020-04-16,1.36
2020-04-17,1.35
2020-04-18,1.34
2020-04-19,1.33
2020-04-20,1.32
2020-04-21,1.34
2020-04-22,1.43
2020-04-23,1.43
2020-04-24,1.5
2020-04-25,1.52
2020-04-26,1.54
2020-04-27,1.56
2020-04-28,1.52
2020-04-29,1.5
2020-04-30,1.42
2020-05-01,1.44
2020-05-02,1.4433333333333334
2020-05-03,1.4466666666666665
2020-05-04,1.45
2020-05-05,1.49
2020-05-06,1.49
2020-05-07,1.46
2020-05-08,1.5
2020-05-09,1.5033333333333334
2020-05-10,1.5066666666666666
2020-05-11,1.51
2020-05-12,1.46
2020-05-13,1.43
2020-05-14,1.41
2020-05-15,1.43
2020-05-16,1.4533333333333334
2020-05-17,1.4766666666666666
2020-05-18,1.5
2020-05-19,1.48
2020-05-20,1.49
2020-05-21,1.47
2020-05-22,1.44
2020-05-23,1.44
2020-05-24,1.44
2020-05-25,1.44
2020-05-26,1.44
2020-05-27,1.46
2020-05-28,1.5
2020-05-29,1.47
2020-05-30,1.4866666666666666
2020-05-31,1.5033333333333334
2020-06-01,1.52
2020-06-02,1.52
2020-06-03,1.54
2020-06-04,1.56
2020-06-05,1.59
2020-06-06,1.5866666666666667
2020-06-07,1.5833333333333335
2020-06-08,1.58
2020-06-09,1.54
2020-06-10,1.54
2020-06-11,1.47
2020-06-12,1.47
2020-06-13,1.4733333333333334
2020-06-14,1.4766666666666666
2020-06-15,1.48
2020-06-16,1.52
2020-06-17,1.51
2020-06-18,1.44
2020-06-19,1.54
2020-06-20,1.55
2020-06-21,1.56
2020-06-22,1.57
2020-06-23,1.62
2020-06-24,1.56
2020-06-25,1.55
2020-06-26,1.53
2020-06-27,1.5333333333333334
2020-06-28,1.5366666666666666
2020-06-29,1.54
2020-06-30,1.52
2020-07-01,1.57
2020-07-02,1.61
2020-07-03,1.6125
2020-07-04,1.6150000000000002
2020-07-05,1.6175000000000002
2020-07-06,1.62
2020-07-07,1.6
2020-07-08,1.59
2020-07-09,1.56
2020-07-10,1.57
2020-07-11,1.57
2020-07-12,1.57
2020-07-13,1.57
2020-07-14,1.55
2020-07-15,1.54
2020-07-16,1.52
2020-07-17,1.57
2020-07-18,1.5633333333333335
2020-07-19,1.5566666666666666
2020-07-20,1.55
2020-07-21,1.56
2020-07-22,1.56
2020-07-23,1.61
2020-07-24,1.67
2020-07-25,1.6666666666666665
2020-07-26,1.6633333333333333
2020-07-27,1.66
2020-07-28,1.66
2020-07-29,1.68
2020-07-30,1.67
2020-07-31,1.7
2020-08-01,1.7
2020-08-02,1.7
2020-08-03,1.7
2020-08-04,1.69
2020-08-05,1.7
2020-08-06,1.73
2020-08-07,1.72
2020-08-08,1.7233333333333334
2020-08-09,1.7266666666666666
2020-08-10,1.73
2020-08-11,1.76
2020-08-12,1.78
2020-08-13,1.78
2020-08-14,1.77
2020-08-15,1.7733333333333334
2020-08-16,1.7766666666666666
2020-08-17,1.78
2020-08-18,1.81
2020-08-19,1.79
2020-08-20,1.76
2020-08-21,1.76
2020-08-22,1.7633333333333334
2020-08-23,1.7666666666666666
2020-08-24,1.77
2020-08-25,1.8
2020-08-26,1.81
2020-08-27,1.81
2020-08-28,1.86
2020-08-29,1.8766666666666667
2020-08-30,1.8933333333333333
2020-08-31,1.91
2020-09-01,1.87
2020-09-02,1.85
2020-09-03,1.77
2020-09-04,1.83
2020-09-05,1.8250000000000002
2020-09-06,1.82
2020-09-07,1.815
2020-09-08,1.81
2020-09-09,1.85
2020-09-10,1.84
2020-09-11,1.77
2020-09-12,1.7666666666666666
2020-09-13,1.7633333333333334
2020-09-14,1.76
2020-09-15,1.8
2020-09-16,1.79
2020-09-17,1.75
2020-09-18,1.76
2020-09-19,1.7533333333333334
2020-09-20,1.7466666666666666
2020-09-21,1.74
2020-09-22,1.74
2020-09-23,1.72
2020-09-24,1.71
2020-09-25,1.73
2020-09-26,1.7333333333333334
2020-09-27,1.7366666666666666
2020-09-28,1.74
2020-09-29,1.79
2020-09-30,1.76
2020-10-01,1.78
2020-10-02,1.8
2020-10-03,1.8133333333333335
2020-10-04,1.8266666666666667
2020-10-05,1.84
2020-10-06,1.81
2020-10-07,1.88
2020-10-08,1.88
2020-10-09,1.9
2020-10-10,1.895
2020-10-11,1.89
2020-10-12,1.8849999999999998
2020-10-13,1.88
2020-10-14,1.86
2020-10-15,1.86
2020-10-16,1.89
2020-10-17,1.89
2020-10-18,1.89
2020-10-19,1.89
2020-10-20,1.91
2020-10-21,1.92
2020-10-22,1.84
2020-10-23,1.84
2020-10-24,1.83
2020-10-25,1.82
2020-10-26,1.81
2020-10-27,1.78
2020-10-28,1.79
2020-10-29,1.81
2020-10-30,1.81
2020-10-31,1.8133333333333335
2020-11-01,1.8166666666666667
2020-11-02,1.82
2020-11-03,1.82
2020-11-04,1.72
2020-11-05,1.77
2020-11-06,1.76
2020-11-07,1.7833333333333334
2020-11-08,1.8066666666666666
2020-11-09,1.83
2020-11-10,1.83
2020-11-11,1.81
2020-11-12,1.79
2020-11-13,1.8
2020-11-14,1.8
2020-11-15,1.8
2020-11-16,1.8
2020-11-17,1.77
2020-11-18,1.77
2020-11-19,1.78
2020-11-20,1.77
2020-11-21,1.78
2020-11-22,1.79
2020-11-23,1.8
2020-11-24,1.83
2020-11-25,1.83
2020-11-26,1.83
2020-11-27,1.83
2020-11-28,1.84
2020-11-29,1.85
2020-11-30,1.86
2020-12-01,1.9
2020-12-02,1.94
2020-12-03,1.94
2020-12-04,1.95
2020-12-05,1.94
2020-12-06,1.93
2020-12-07,1.92
2020-12-08,1.94
2020-12-09,1.98
2020-12-10,1.93
2020-12-11,1.92
2020-12-12,1.92
2020-12-13,1.92
2020-12-14,1.92
2020-12-15,1.96
2020-12-16,1.94
2020-12-17,1.98
2020-12-18,1.98
2020-12-19,1.9866666666666666
2020-12-20,1.9933333333333334
2020-12-21,2
2020-12-22,1.96
2020-12-23,2.01
2020-12-24,2.02
2020-12-25,2.02
2020-12-26,2.02
2020-12-27,2.02
2020-12-28,2.02
2020-12-29,2.02
2020-12-30,2
2020-12-31,2.03
2021-01-01,2.0324999999999998
2021-01-02,2.035
2021-01-03,2.0375
2021-01-04,2.04
2021-01-05,2.05
2021-01-06,2.08
2021-01-07,2.09
2021-01-08,2.05
2021-01-09,2.06
2021-01-10,2.07
2021-01-11,2.08
2021-01-12,2.1
2021-01-13,2.08
2021-01-14,2.09
2021-01-15,2.11
2021-01-16,2.1025
2021-01-17,2.0949999999999998
2021-01-18,2.0875
2021-01-19,2.08
2021-01-20,2.09
2021-01-21,2.02
2021-01-22,2.02
2021-01-23,2.0166666666666666
2021-01-24,2.013333333333333
2021-01-25,2.01
2021-01-26,2.01
2021-01-27,2.01
2021-01-28,2.08
2021-01-29,2.05
2021-01-30,2.0466666666666664
2021-01-31,2.0433333333333334
2021-02-01,2.04
2021-02-02,2.07
2021-02-03,2.11
2021-02-04,2.09
2021-02-05,2.14
2021-02-06,2.1366666666666667
2021-02-07,2.1333333333333333
2021-02-08,2.13
2021-02-09,2.13
2021-02-10,2.11
2021-02-11,2.08
2021-02-12,2.07
2021-02-13,2.08
2021-02-14,2.09
2021-02-15,2.0999999999999996
2021-02-16,2.11
2021-02-17,2.07
2021-02-18,2.03
2021-02-19,1.99
2021-02-20,1.9833333333333334
2021-02-21,1.9766666666666666
2021-02-22,1.97
2021-02-23,1.97
2021-02-24,1.96
2021-02-25,1.94
2021-02-26,1.91
2021-02-27,1.9133333333333333
2021-02-28,1.9166666666666665
2021-03-01,1.92
2021-03-02,1.97
2021-03-03,1.97
2021-03-04,1.97
2021-03-05,2.01
2021-03-06,2.0066666666666664
2021-03-07,2.0033333333333334
2021-03-08,2
2021-03-09,2.01
2021-03-10,2.05
2021-03-11,2.05
2021-03-12,2.01
2021-03-13,2.0066666666666664
2021-03-14,2.0033333333333334
2021-03-15,2
2021-03-16,2.01
2021-03-17,2.02
2021-03-18,2.04
2021-03-19,2.11
2021-03-20,2.123333333333333
2021-03-21,2.1366666666666667
2021-03-22,2.15
2021-03-23,2.1
2021-03-24,2.09
2021-03-25,2.1
2021-03-26,2.11
2021-03-27,2.1266666666666665
2021-03-28,2.1433333333333335
2021-03-29,2.16
2021-03-30,2.18
2021-03-31,2.2
2021-04-01,2.15
2021-04-02,2.14
2021-04-03,2.1433333333333335
2021-04-04,2.1466666666666665
2021-04-05,2.15
2021-04-06,2.12
2021-04-07,2.15
2021-04-08,2.11
2021-04-09,2.11
2021-04-10,2.12
2021-04-11,2.13
2021-04-12,2.14
2021-04-13,2.12
2021-04-14,2.1
2021-04-15,2.11
2021-04-16,2.15
2021-04-17,2.14
2021-04-18,2.13
2021-04-19,2.12
2021-04-20,2.12
2021-04-21,2.13
2021-04-22,2.24
2021-04-23,2.24
2021-04-24,2.2433333333333336
2021-04-25,2.2466666666666666
2021-04-26,2.25
2021-04-27,2.27
2021-04-28,2.28
2021-04-29,2.28
2021-04-30,2.25
2021-05-01,2.2466666666666666
2021-05-02,2.2433333333333336
2021-05-03,2.24
2021-05-04,2.22
2021-05-05,2.26
2021-05-06,2.24
2021-05-07,2.33
2021-05-08,2.3433333333333333
2021-05-09,2.356666666666667
2021-05-10,2.37
2021-05-11,2.38
2021-05-12,2.36
2021-05-13,2.37
2021-05-14,2.34
2021-05-15,2.3466666666666667
2021-05-16,2.353333333333333
2021-05-17,2.36
2021-05-18,2.32
2021-05-19,2.3
2021-05-20,2.23
2021-05-21,2.24
2021-05-22,2.24
2021-05-23,2.24
2021-05-24,2.24
2021-05-25,2.21
2021-05-26,2.2
2021-05-27,2.25
2021-05-28,2.27
2021-05-29,2.2824999999999998
2021-05-30,2.295
2021-05-31,2.3075
2021-06-01,2.32
2021-06-02,2.29
2021-06-03,2.28
2021-06-04,2.26
2021-06-05,2.263333333333333
2021-06-06,2.2666666666666666
2021-06-07,2.27
2021-06-08,2.25
2021-06-09,2.23
2021-06-10,2.23
2021-06-11,2.21
2021-06-12,2.2333333333333334
2021-06-13,2.2566666666666664
2021-06-14,2.28
2021-06-15,2.3
2021-06-16,2.23
2021-06-17,2.23
2021-06-18,2.11
2021-06-19,2.103333333333333
2021-06-20,2.0966666666666667
2021-06-21,2.09
2021-06-22,2.16
2021-06-23,2.19
2021-06-24,2.15
2021-06-25,2.22
2021-06-26,2.216666666666667
2021-06-27,2.2133333333333334
2021-06-28,2.21
2021-06-29,2.18
2021-06-30,2.17
2021-07-01,2.21
2021-07-02,2.17
2021-07-03,2.1625
2021-07-04,2.1550000000000002
2021-07-05,2.1475
2021-07-06,2.14
2021-07-07,2.13
2021-07-08,2.06
2021-07-09,2.12
2021-07-10,2.14
2021-07-11,2.16
2021-07-12,2.18
2021-07-13,2.16
2021-07-14,2.15
2021-07-15,2.11
2021-07-16,2.14
2021-07-17,2.1166666666666667
2021-07-18,2.0933333333333333
2021-07-19,2.07
2021-07-20,2.12
2021-07-21,2.11
2021-07-22,2.1
2021-07-23,2.17
2021-07-24,2.183333333333333
2021-07-25,2.1966666666666668
2021-07-26,2.21
2021-07-27,2.21
2021-07-28,2.25
2021-07-29,2.28
2021-07-30,2.24
2021-07-31,2.236666666666667
2021-08-01,2.2333333333333334
2021-08-02,2.23
2021-08-03,2.25
2021-08-04,2.2
2021-08-05,2.2
2021-08-06,2.24
2021-08-07,2.24
2021-08-08,2.24
2021-08-09,2.24
2021-08-10,2.27
2021-08-11,2.29
2021-08-12,2.27
2021-08-13,2.22
2021-08-14,2.22
2021-08-15,2.22
2021-08-16,2.22
2021-08-17,2.17
2021-08-18,2.16
2021-08-19,2.11
2021-08-20,2.14
2021-08-21,2.13
2021-08-22,2.12
2021-08-23,2.11
2021-08-24,2.15
2021-08-25,2.19
2021-08-26,2.16
2021-08-27,2.25
2021-08-28,2.243333333333333
2021-08-29,2.236666666666667
2021-08-30,2.23
2021-08-31,2.18
2021-09-01,2.2
2021-09-02,2.17
2021-09-03,2.2
2021-09-04,2.2025
2021-09-05,2.205
2021-09-06,2.2075
2021-09-07,2.21
2021-09-08,2.23
2021-09-09,2.21
2021-09-10,2.25
2021-09-11,2.236666666666667
2021-09-12,2.223333333333333
2021-09-13,2.21
2021-09-14,2.17
2021-09-15,2.19
2021-09-16,2.17
2021-09-17,2.15
2021-09-18,2.15
2021-09-19,2.15
2021-09-20,2.15
2021-09-21,2.14
2021-09-22,2.15
2021-09-23,2.14
2021-09-24,2.21
2021-09-25,2.2066666666666666
2021-09-26,2.2033333333333336
2021-09-27,2.2
2021-09-28,2.23
2021-09-29,2.22
2021-09-30,2.23
2021-10-01,2.25
2021-10-02,2.243333333333333
2021-10-03,2.236666666666667
2021-10-04,2.23
2021-10-05,2.31
2021-10-06,2.29
2021-10-07,2.31
2021-10-08,2.36
2021-10-09,2.355
2021-10-10,2.3499999999999996
2021-10-11,2.3449999999999998
2021-10-12,2.34
2021-10-13,2.36
2021-10-14,2.35
2021-10-15,2.41
2021-10-16,2.396666666666667
2021-10-17,2.3833333333333333
2021-10-18,2.37
2021-10-19,2.37
2021-10-20,2.37
2021-10-21,2.34
2021-10-22,2.37
2021-10-23,2.37
2021-10-24,2.37
2021-10-25,2.37
2021-10-26,2.39
2021-10-27,2.34
2021-10-28,2.24
2021-10-29,2.13
2021-10-30,2.1333333333333333
2021-10-31,2.1366666666666667
2021-11-01,2.14
2021-11-02,2.18
2021-11-03,2.2
2021-11-04,2.24
2021-11-05,2.21
2021-11-06,2.2399999999999998
2021-11-07,2.27
2021-11-08,2.3
2021-11-09,2.3
2021-11-10,2.32
2021-11-11,2.335
2021-11-12,2.35
2021-11-13,2.35
2021-11-14,2.35
2021-11-15,2.35
2021-11-16,2.29
2021-11-17,2.26
2021-11-18,2.35
2021-11-19,2.28
2021-11-20,2.2666666666666666
2021-11-21,2.2533333333333334
2021-11-22,2.24
2021-11-23,2.24
2021-11-24,2.19
2021-11-25,2.185
2021-11-26,2.18
2021-11-27,2.1766666666666667
2021-11-28,2.1733333333333333
2021-11-29,2.17
2021-11-30,2.2
2021-12-01,2.18
2021-12-02,2.21
2021-12-03,2.14
2021-12-04,2.1233333333333335
2021-12-05,2.1066666666666665
2021-12-06,2.09
2021-12-07,2.1
2021-12-08,2.16
2021-12-09,2.14
2021-12-10,2.12
2021-12-11,2.1033333333333335
2021-12-12,2.0866666666666664
2021-12-13,2.07
2021-12-14,2.08
2021-12-15,2.11
2021-12-16,2.14
2021-12-17,2.11
2021-12-18,2.1166666666666667
2021-12-19,2.123333333333333
2021-12-20,2.13
2021-12-21,2.19
2021-12-22,2.24
2021-12-23,2.22
2021-12-24,2.2275
2021-12-25,2.2350000000000003
2021-12-26,2.2425
2021-12-27,2.25
2021-12-28,2.22
2021-12-29,2.23
2021-12-30,2.3
2021-12-31,2.25
2022-01-01,2.25
2022-01-02,2.25
2022-01-03,2.25
2022-01-04,2.21
2022-01-05,2.19
2022-01-06,2.15
2022-01-07,2.18
2022-01-08,2.1833333333333336
2022-01-09,2.1866666666666665
2022-01-10,2.19
2022-01-11,2.21
2022-01-12,2.14
2022-01-13,2.09
2022-01-14,2.09
2022-01-15,2.0975
2022-01-16,2.105
2022-01-17,2.1125
2022-01-18,2.12
2022-01-19,2.07
2022-01-20,1.92
2022-01-21,1.98
2022-01-22,1.9933333333333334
2022-01-23,2.006666666666667
2022-01-24,2.02
2022-01-25,2.04
2022-01-26,2.01
2022-01-27,2.04
2022-01-28,2.08
2022-01-29,2.0733333333333333
2022-01-30,2.066666666666667
2022-01-31,2.06
2022-02-01,2.06
2022-02-02,2.03
2022-02-03,2
2022-02-04,2.04
2022-02-05,2.0433333333333334
2022-02-06,2.0466666666666664
2022-02-07,2.05
2022-02-08,2.07
2022-02-09,2.06
2022-02-10,2.09
2022-02-11,2.04
2022-02-12,2.0433333333333334
2022-02-13,2.0466666666666664
2022-02-14,2.05
2022-02-15,2.07
2022-02-16,2.05
2022-02-17,1.99
2022-02-18,1.96
2022-02-19,1.9725
2022-02-20,1.9849999999999999
2022-02-21,1.9974999999999998
2022-02-22,2.01
2022-02-23,2.05
2022-02-24,2.05
2022-02-25,2.06
2022-02-26,2.0833333333333335
2022-02-27,2.1066666666666665
2022-02-28,2.13
2022-03-01,2.1
2022-03-02,2.19
2022-03-03,2.21
2022-03-04,2.15
2022-03-05,2.183333333333333
2022-03-06,2.216666666666667
2022-03-07,2.25
2022-03-08,2.37
2022-03-09,2.35
2022-03-10,2.3
2022-03-11,2.36
2022-03-12,2.36
2022-03-13,2.36
2022-03-14,2.36
2022-03-15,2.26
2022-03-16,2.26
2022-03-17,2.31
2022-03-18,2.24
2022-03-19,2.2533333333333334
2022-03-20,2.2666666666666666
2022-03-21,2.28
2022-03-22,2.3
2022-03-23,2.31
2022-03-24,2.27
2022-03-25,2.31
2022-03-26,2.32
2022-03-27,2.33
2022-03-28,2.34
2022-03-29,2.32
2022-03-30,2.31
2022-03-31,2.34
2022-04-01,2.32
2022-04-02,2.32
2022-04-03,2.32
2022-04-04,2.32
2022-04-05,2.37
2022-04-06,2.38
2022-04-07,2.38
2022-04-08,2.41
2022-04-09,2.4233333333333333
2022-04-10,2.436666666666667
2022-04-11,2.45
2022-04-12,2.41
2022-04-13,2.35
2022-04-14,2.45
2022-04-15,2.4575
2022-04-16,2.465
2022-04-17,2.4725
2022-04-18,2.48
2022-04-19,2.5
2022-04-20,2.48
2022-04-21,2.67
2022-04-22,2.59
2022-04-23,2.5766666666666667
2022-04-24,2.563333333333333
2022-04-25,2.55
2022-04-26,2.45
2022-04-27,2.48
2022-04-28,2.55
2022-04-29,2.46
2022-04-30,2.4433333333333334
2022-05-01,2.4266666666666667
2022-05-02,2.41
2022-05-03,2.45
2022-05-04,2.48
2022-05-05,2.51
2022-05-06,2.5
2022-05-07,2.48
2022-05-08,2.46
2022-05-09,2.44
2022-05-10,2.38
2022-05-11,2.4
2022-05-12,2.29
2022-05-13,2.35
2022-05-14,2.34
2022-05-15,2.33
2022-05-16,2.32
2022-05-17,2.34
2022-05-18,2.39
2022-05-19,2.21
2022-05-20,2.22
2022-05-21,2.24
2022-05-22,2.26
2022-05-23,2.28
2022-05-24,2.23
2022-05-25,2.24
2022-05-26,2.28
2022-05-27,2.31
2022-05-28,2.3125
2022-05-29,2.315
2022-05-30,2.3175
2022-05-31,2.32
2022-06-01,2.34
2022-06-02,2.35
2022-06-03,2.44
2022-06-04,2.45
2022-06-05,2.46
2022-06-06,2.47
2022-06-07,2.43
2022-06-08,2.44
2022-06-09,2.42
2022-06-10,2.39
2022-06-11,2.3833333333333333
2022-06-12,2.376666666666667
2022-06-13,2.37
2022-06-14,2.32
2022-06-15,2.4
2022-06-16,2.37
2022-06-17,2.36
2022-06-18,2.3649999999999998
2022-06-19,2.37
2022-06-20,2.375
2022-06-21,2.38
2022-06-22,2.34
2022-06-23,2.31
2022-06-24,2.3
2022-06-25,2.3033333333333332
2022-06-26,2.3066666666666666
2022-06-27,2.31
2022-06-28,2.23
2022-06-29,2.13
2022-06-30,2.08
2022-07-01,2.08
2022-07-02,2.0825
2022-07-03,2.085
2022-07-04,2.0875
2022-07-05,2.09
2022-07-06,2.1
2022-07-07,2.13
2022-07-08,2.12
2022-07-09,2.106666666666667
2022-07-10,2.0933333333333333
2022-07-11,2.08
2022-07-12,2.14
2022-07-13,2.11
2022-07-14,2.14
2022-07-15,2.13
2022-07-16,2.123333333333333
2022-07-17,2.1166666666666667
2022-07-18,2.11
2022-07-19,2.11
2022-07-20,2.09
2022-07-21,2.11
2022-07-22,2.12
2022-07-23,2.126666666666667
2022-07-24,2.1333333333333333
2022-07-25,2.14
2022-07-26,2.16
2022-07-27,2.23
2022-07-28,2.29
2022-07-29,2.33
2022-07-30,2.32
2022-07-31,2.31
2022-08-01,2.3
2022-08-02,2.27
2022-08-03,2.28
2022-08-04,2.28
2022-08-05,2.28
2022-08-06,2.29
2022-08-07,2.3
2022-08-08,2.31
2022-08-09,2.28
2022-08-10,2.25
2022-08-11,2.27
2022-08-12,2.27
2022-08-13,2.2666666666666666
2022-08-14,2.263333333333333
2022-08-15,2.26
2022-08-16,2.27
2022-08-17,2.27
2022-08-18,2.34
2022-08-19,2.38
2022-08-20,2.3866666666666667
2022-08-21,2.393333333333333
2022-08-22,2.4
2022-08-23,2.39
2022-08-24,2.45
2022-08-25,2.43
2022-08-26,2.41
2022-08-27,2.4233333333333333
2022-08-28,2.436666666666667
2022-08-29,2.45
2022-08-30,2.43
2022-08-31,2.38
2022-09-01,2.38
2022-09-02,2.39
2022-09-03,2.3925
2022-09-04,2.395
2022-09-05,2.3975
2022-09-06,2.4
2022-09-07,2.39
2022-09-08,2.36
2022-09-09,2.33
