Date,Close,index,Rolling correlation
3/1/17,119.059998,102.93,
3/2/17,117.580002,108.62,
3/3/17,117.510002,108.78,
3/4/17,117.2466683,108.8266667,
3/5/17,116.9833347,108.8733333,
3/6/17,116.720001,108.92,
3/7/17,115.779999,105.78,
3/8/17,115.059998,98.74,
3/9/17,114.470001,102.54,
3/10/17,114.720001,109.4,
3/11/17,114.7266667,109.8333333,
3/12/17,114.7333323,110.2666667,
3/13/17,114.739998,110.7,
3/14/17,114.120003,111.7,
3/15/17,116.25,114.09,
3/16/17,116.730003,111.46,
3/17/17,116.989998,109.48,
3/18/17,117.1633327,106.9566667,
3/19/17,117.3366673,104.4333333,
3/20/17,117.510002,101.91,
3/21/17,118.540001,107.3,
3/22/17,118.830002,99.19,
3/23/17,118.669998,101.76,
3/24/17,118.860001,100.31,
3/25/17,119.0833337,101.2366667,
3/26/17,119.3066663,102.1633333,
3/27/17,119.529999,103.09,
3/28/17,119.040001,104.05,
3/29/17,119.330002,106.15,
3/30/17,118.470001,106.15,
3/31/17,118.720001,109.15,
4/1/17,118.93,110.6866667,
4/2/17,119.139999,112.2233333,
4/3/17,119.349998,113.76,
4/4/17,119.620003,113.43,
4/5/17,119.620003,113.31,
4/6/17,119.18,115.52,
4/7/17,119.459999,116.33,
4/8/17,119.459999,116.8033333,
4/9/17,119.459999,117.2766667,
4/10/17,119.459999,117.75,
4/11/17,121.190002,118.68,
4/12/17,122.019997,120.08,
4/13/17,122.599998,118.2,
4/14/17,122.509998,118.24,
4/15/17,122.419998,118.56,
4/16/17,122.329998,118.88,
4/17/17,122.239998,119.2,
4/18/17,122.82,120.44,
4/19/17,121.730003,120.71,
4/20/17,121.959999,122.56,
4/21/17,122.309998,124.04,
4/22/17,122.033333,124.79,
4/23/17,121.756668,125.54,
4/24/17,121.480003,126.29,
4/25/17,120.25,128.6,
4/26/17,120.839996,132.32,
4/27/17,120.389999,137.65,
4/28/17,120.769997,139.85,
4/29/17,120.4033307,143.9666667,
4/30/17,120.0366643,148.0833333,
5/1/17,119.669998,152.2,
5/2/17,119.650002,156.61,
5/3/17,117.980003,161.45,
5/4/17,116.790001,173.29,
5/5/17,117.010002,173.58,
5/6/17,116.9233347,178.2933333,
5/7/17,116.8366673,183.0066667,
5/8/17,116.75,187.72,
5/9/17,116.050003,193.03,
5/10/17,116.040001,197.39,
5/11/17,116.5,201.86,
5/12/17,116.830002,187.52,
5/13/17,116.9333343,190.4966667,
5/14/17,117.0366667,193.4733333,
5/15/17,117.139999,196.45,
5/16/17,117.650002,204.29,
5/17/17,119.790001,214.71,
5/18/17,118.809998,218.53,
5/19/17,119.400002,232.03,
5/20/17,119.5666687,243.5366667,
5/21/17,119.7333353,255.0433333,
5/22/17,119.900002,266.55,
5/23/17,119.139999,274.66,
5/24/17,119.610001,304.11,
5/25/17,119.480003,293.57,
5/26/17,120.540001,280.52,
5/27/17,120.4400005,283.6266667,
5/28/17,120.34,286.7333333,
5/29/17,120.2399995,289.84,
5/30/17,120.139999,288.63,
5/31/17,120.620003,301.19,
6/1/17,120.720001,310.27,
6/2/17,121.610001,310.61,
6/3/17,121.6500017,321.3933333,
6/4/17,121.6900023,332.1766667,
6/5/17,121.730003,342.96,
6/6/17,123.099998,361.57,0.281165637
6/7/17,122.449997,357.89,0.310039328
6/8/17,121.650002,353.02,0.323733782
6/9/17,120.540001,368.16,0.32522307
6/10/17,120.480001,369.8433333,0.325135047
6/11/17,120.420001,371.5266667,0.323542646
6/12/17,120.360001,373.21,0.320495886
6/13/17,120.480003,407.63,0.315338912
6/14/17,119.82,381.38,0.301510265
6/15/17,119.32,342.41,0.28443768
6/16/17,119.339996,374.46,0.266511285
6/17/17,119.036664,378.0166667,0.244442215
6/18/17,118.733332,381.5733333,0.217870444
6/19/17,118.43,385.13,0.186380506
6/20/17,118.18,400.52,0.147279109
6/21/17,118.519997,367.49,0.120536012
6/22/17,118.919998,380.13,0.097765861
6/23/17,119.43,385.73,0.080365877
6/24/17,119.0733337,357.29,0.060360341
6/25/17,118.7166673,328.85,0.038996595
6/26/17,118.360001,300.41,0.017634433
6/27/17,118.809998,324.84,0.004223993
6/28/17,118.900002,363.23,-0.008996988
6/29/17,118.32,357.18,-0.027541559
6/30/17,118.019997,346.46,-0.045791705
7/1/17,117.3766633,346.6633333,-0.066166669
7/2/17,116.7333297,346.8666667,-0.087905361
7/3/17,116.089996,347.07,-0.110185825
7/4/17,116.3049965,346.75,-0.133408669
7/5/17,116.519997,351.78,-0.152885787
7/6/17,116.470001,346.45,-0.177351034
7/7/17,115.279999,329.87,-0.19942519
7/8/17,115.343333,320.8733333,-0.216553167
7/9/17,115.406667,311.8766667,-0.229229652
7/10/17,115.470001,302.88,-0.237849825
7/11/17,115.620003,277.82,-0.239461558
7/12/17,116.029999,304.03,-0.245096455
7/13/17,115.82,288.54,-0.250867174
7/14/17,116.769997,274.03,-0.252655363
7/15/17,116.9433317,269.4833333,-0.253779831
7/16/17,117.1166663,264.9366667,-0.254330982
7/17/17,117.290001,260.39,-0.254395053
7/18/17,118.110001,303.56,-0.245260147
7/19/17,118.080002,273.71,-0.228853619
7/20/17,118.239998,323.81,-0.209033913
7/21/17,119.260002,318.71,-0.185024559
7/22/17,119.2766673,324.86,-0.159532177
7/23/17,119.2933327,331.01,-0.132456896
7/24/17,119.309998,337.16,-0.103695771
7/25/17,118.919998,298.92,-0.069178838
7/26/17,119.879997,298.55,-0.040631918
7/27/17,119.790001,306.7,-0.0075169
7/28/17,120.690002,314.64,0.034387379
7/29/17,120.7100013,317.7566667,0.07643068
7/30/17,120.7300007,320.8733333,0.118251259
7/31/17,120.75,323.99,0.15950145
8/1/17,120.650002,334.22,0.187155374
8/2/17,120.400002,325.19,0.22209748
8/3/17,120.589996,335.28,0.253209406
8/4/17,119.650002,336.76,0.289249968
8/5/17,119.6033353,356.6433333,0.322159221
8/6/17,119.5566687,376.5266667,0.351094587
8/7/17,119.510002,396.41,0.375157586
8/8/17,119.860001,414.38,0.401900816
8/9/17,121.309998,407,0.416262488
8/10/17,122.209999,417.06,0.423146657
8/11/17,122.790001,422.81,0.435128771
8/12/17,122.5,437.4433333,0.446070346
8/13/17,122.209999,452.0766667,0.454820657
8/14/17,121.919998,466.71,0.460369045
8/15/17,120.980003,445.99,0.450366181
8/16/17,121.870003,472.06,0.448343756
8/17/17,122.489998,472.43,0.454294831
8/18/17,122.300003,456.39,0.457485888
8/19/17,122.453336,459.9933333,0.4619816
8/20/17,122.606669,463.5966667,0.467772149
8/21/17,122.760002,467.2,0.474837762
8/22/17,122.209999,472.06,0.481994636
8/23/17,122.669998,475.95,0.513516529
8/24/17,122.290001,487.15,0.530606988
8/25/17,122.739998,494.11,0.554380147
8/26/17,123.3899993,499.2166667,0.581242579
8/27/17,124.0400007,504.3233333,0.60985125
8/28/17,124.690002,509.43,0.638922526
8/29/17,124.419998,538.08,0.66044297
8/30/17,124.360001,542.06,0.678964684
8/31/17,125.82,560.73,0.703681821
9/1/17,126.059998,580.74,0.733735558
9/2/17,126.4099983,557.9033333,0.75826766
9/3/17,126.7599985,535.0666667,0.777069471
9/4/17,127.1099987,512.23,0.789960447
9/5/17,127.459999,511.58,0.801161876
9/6/17,126.809998,533.95,0.8151084
9/7/17,128.130005,531.19,0.826344124
9/8/17,127.970001,478.62,0.832013102
9/9/17,127.376668,478.4333333,0.837903832
9/10/17,126.783335,478.2466667,0.843615482
9/11/17,126.190002,478.06,0.84889484
9/12/17,126.559998,475,0.854962724
9/13/17,125.610001,435.93,0.856518708
9/14/17,126.160004,377.69,0.844523562
9/15/17,125.529999,418.05,0.840207561
9/16/17,125.1399997,430.89,0.838468106
9/17/17,124.7500003,443.73,0.838467493
9/18/17,124.360001,456.57,0.83943686
9/19/17,124.620003,443.7,0.839871007
9/20/17,123.620003,448.18,0.840592491
9/21/17,122.68,408.48,0.839833679
9/22/17,123.239998,406.33,0.838765159
9/23/17,123.6699983,420.3566667,0.838479286
9/24/17,124.0999987,434.3833333,0.839183119
9/25/17,124.529999,448.41,0.841075914
9/26/17,123.139999,445.69,0.845017074
9/27/17,121.980003,476.28,0.843161347
9/28/17,122.209999,469.13,0.842612211
9/29/17,121.580002,466.01,0.840880311
9/30/17,121.3100003,471.78,0.837180253
10/1/17,121.0399987,477.55,0.831710643
10/2/17,120.769997,483.32,0.82464431
10/3/17,120.830002,469.5,0.819568235
10/4/17,121.169998,465.19,0.816341928
10/5/17,120.519997,479.89,0.809746112
10/6/17,121.089996,481.09,0.804272868
10/7/17,121.419998,489.2566667,0.79913052
10/8/17,121.75,497.4233333,0.794653345
10/9/17,122.080002,505.59,0.791243264
10/10/17,122.400002,516.28,0.787500907
10/11/17,122.790001,516.52,0.785234214
10/12/17,122.889999,548.77,0.779883525
10/13/17,123.82,577.14,0.77543982
10/14/17,123.536667,582.6933333,0.767931495
10/15/17,123.253334,588.2466667,0.75709628
10/16/17,122.970001,593.8,0.742584237
10/17/17,122.129997,580.24,0.720929712
10/18/17,121.669998,552.37,0.702908302
10/19/17,122.389999,571.49,0.683096951
10/20/17,121.610001,600.36,0.651117894
10/21/17,121.673335,592.8833333,0.618993378
10/22/17,121.736669,585.4066667,0.586270015
10/23/17,121.800003,577.93,0.552499737
10/24/17,121.330002,574.24,0.521611541
10/25/17,121.349998,566.62,0.486499092
10/26/17,120.330002,581.93,0.445304023
10/27/17,120.900002,572.09,0.413291584
10/28/17,120.976667,581.3566667,0.379936985
10/29/17,121.053332,590.6233333,0.345386982
10/30/17,121.129997,599.89,0.309817793
10/31/17,120.669998,617.94,0.257375765
11/1/17,121.110001,630.71,0.213652727
11/2/17,121.190002,652.73,0.16626302
11/3/17,120.620003,680.62,0.117023659
11/4/17,120.963336,676.4366667,0.073854449
11/5/17,121.306669,672.2533333,0.035749508
11/6/17,121.650002,668.07,0.001900868
11/7/17,121.209999,661.63,-0.03614203
11/8/17,121.629997,692.3,-0.07679805
11/9/17,122.129997,692.68,-0.108966098
11/10/17,121.129997,624.29,-0.158980576
11/11/17,121.1899973,627.8466667,-0.207341703
11/12/17,121.2499977,631.4033333,-0.253297829
11/13/17,121.309998,634.96,-0.29620217
11/14/17,121.559998,662.15,-0.331373243
11/15/17,121.410004,699.71,-0.356742506
11/16/17,121.400002,738.64,-0.372384255
11/17/17,122.860001,735.21,-0.365760551
11/18/17,122.3433333,754.1,-0.365736297
11/19/17,121.8266657,772.99,-0.372222704
11/20/17,121.309998,791.88,-0.384900524
11/21/17,121.510002,793.32,-0.403366396
11/22/17,122.629997,794.39,-0.39971598
11/23/17,122.4749985,813.44,-0.394691897
11/24/17,122.32,829.86,-0.393502642
11/25/17,122.4900007,868.9533333,-0.387051931
11/26/17,122.6600013,908.0466667,-0.375529485
11/27/17,122.830002,947.14,-0.359386594
11/28/17,122.809998,968.17,-0.347083416
11/29/17,122.040001,916.27,-0.348642583
11/30/17,121.099998,924.09,-0.362651271
12/1/17,121.589996,1038.17,-0.365463228
12/2/17,121.4533307,1055.346667,-0.368176312
12/3/17,121.3166653,1072.523333,-0.371115538
12/4/17,121.18,1089.7,-0.374635575
12/5/17,120.32,1113.49,-0.390054711
12/6/17,120.07,1204.26,-0.407373247
12/7/17,118.489998,1357.41,-0.447305295
12/8/17,118.480003,1333.98,-0.483069241
12/9/17,118.323336,1396.633333,-0.516302798
12/10/17,118.166669,1459.286667,-0.547420678
12/11/17,118.010002,1521.94,-0.577003861
12/12/17,118.150002,1590,-0.604397097
12/13/17,119.169998,1580.85,-0.618573874
12/14/17,118.93,1620.36,-0.643486615
12/15/17,119.18,1724.49,-0.660513452
12/16/17,119.3633343,1778.936667,-0.673301475
12/17/17,119.5466687,1833.383333,-0.681470632
12/18/17,119.730003,1887.83,-0.684796917
12/19/17,119.82,1912.02,-0.691555755
12/20/17,120.139999,1862.2,-0.689595132
12/21/17,120.309998,1732.11,-0.690507677
12/22/17,120.940002,1622.23,-0.686262988
12/23/17,121.1475008,1619.173333,-0.678855224
12/24/17,121.3549995,1616.116667,-0.668011584
12/25/17,121.5624983,1613.06,-0.653605759
12/26/17,121.769997,1767.29,-0.631535582
12/27/17,122.230003,1691.21,-0.60235994
12/28/17,122.849998,1606.25,-0.567394565
12/29/17,123.650002,1705.03,-0.511495058
12/30/17,124.025002,1687.82,-0.450679597
12/31/17,124.400002,1670.61,-0.385409351
1/1/18,124.775002,1653.4,-0.316052499
1/2/18,125.150002,1855.82,-0.235109722
1/3/18,124.82,1935.2,-0.170772766
1/4/18,125.459999,1931.22,-0.101987857
1/5/18,125.330002,2040.07,-0.041579282
1/6/18,125.323334,2027.476667,0.009006221
1/7/18,125.316666,2014.883333,0.051331582
1/8/18,125.309998,2002.29,0.086647411
1/9/18,124.730003,2007.11,0.11295153
1/10/18,125.029999,1998.17,0.141295043
1/11/18,125.440002,1869.58,0.161862943
1/12/18,126.959999,1946.63,0.19590824
1/13/18,127.0124987,1943.23,0.227861597
1/14/18,127.0649985,1939.83,0.258222112
1/15/18,127.1174983,1936.43,0.287407195
1/16/18,127.169998,1489.09,0.297923033
1/17/18,126.139999,1461.13,0.309381349
1/18/18,125.860001,1641.23,0.325709816
1/19/18,126.419998,1565.33,0.344887223
1/20/18,126.496666,1516.406667,0.359954509
1/21/18,126.573334,1467.483333,0.371048746
1/22/18,126.650002,1418.56,0.378312785
1/23/18,127.279999,1512.08,0.383441878
1/24/18,128.830002,1523.29,0.384367288
1/25/18,127.970001,1551.51,0.391076504
1/26/18,128.070007,1503.73,0.391506767
1/27/18,127.830004,1528.226667,0.393225515
1/28/18,127.590001,1552.723333,0.396001694
1/29/18,127.349998,1577.22,0.399658259
1/30/18,126.800003,1410.59,0.396370397
1/31/18,127.650002,1433.22,0.392499542
2/1/18,128.070007,1301.26,0.378327255
2/2/18,126.389999,1176.53,0.366442056
2/3/18,126.4966657,1105.51,0.352225462
2/4/18,126.6033323,1034.49,0.335536642
2/5/18,126.709999,963.47,0.316263988
2/6/18,125.379997,1030.28,0.301248415
2/7/18,124.790001,1104.32,0.290867291
2/8/18,124.980003,1122.48,0.280441341
2/9/18,124.769997,1183.1,0.268609268
2/10/18,124.969999,1192.843333,0.257542444
2/11/18,125.170001,1202.586667,0.247388713
2/12/18,125.370003,1212.33,0.238296898
2/13/18,126.080002,1191.96,0.224554413
2/14/18,128.229996,1280.99,0.211170109
2/15/18,128.380005,1349.89,0.202557131
2/16/18,127.959999,1356,0.188051571
2/17/18,127.5299988,1385.016667,0.174485901
2/18/18,127.0999985,1414.033333,0.161527932
2/19/18,126.6699982,1443.05,0.148874778
2/20/18,126.239998,1460.19,0.137562004
2/21/18,125.660004,1290.94,0.121977646
2/22/18,126.300003,1251.78,0.104089359
2/23/18,126.139999,1262.12,0.095036742
2/24/18,126.2433317,1273.4,0.082239099
2/25/18,126.3466643,1284.68,0.065634966
2/26/18,126.449997,1295.96,0.045125149
2/27/18,125.129997,1332.76,0.027239488
2/28/18,125,1319.42,0.015977841
3/1/18,124.720001,1352.01,0.003813862
3/2/18,125.389999,1335.4,-0.01101172
3/3/18,125.3199993,1346.196667,-0.024560405
3/4/18,125.2499997,1356.993333,-0.03677161
3/5/18,125.18,1367.79,-0.047603359
3/6/18,126.529999,1267.72,-0.062938334
3/7/18,125.720001,1159.64,-0.084986996
3/8/18,125.419998,1117.29,-0.113625581
3/9/18,125.540001,1080.87,-0.135553261
3/10/18,125.540001,1076.5,-0.157892191
3/11/18,125.540001,1072.13,-0.180541033
3/12/18,125.540001,1067.76,-0.203404576
3/13/18,125.779999,1078.67,-0.231410112
3/14/18,125.699997,980.04,-0.254670264
3/15/18,124.900002,962.01,-0.26831818
3/16/18,124.599998,1002.24,-0.283107773
3/17/18,124.6899997,984.7466667,-0.293871284
3/18/18,124.7800013,967.2533333,-0.30036925
3/19/18,124.870003,949.76,-0.302297329
3/20/18,124.309998,1022.52,-0.295411738
3/21/18,126.480003,1011.2,-0.300391882
3/22/18,125.980003,973.76,-0.29934779
3/23/18,127.610001,969.27,-0.298719872
3/24/18,127.8333337,940.7733333,-0.294574074
3/25/18,128.0566663,912.2766667,-0.286774727
3/26/18,128.279999,883.78,-0.275125696
3/27/18,127.489998,875.45,-0.253456785
3/28/18,125.730003,870.32,-0.218595251
3/29/18,125.790001,799.16,-0.192588974
3/30/18,126.1575013,744.45,-0.179649304
3/31/18,126.5250015,749.1333333,-0.170145805
4/1/18,126.8925018,753.8166667,-0.164115396
4/2/18,127.260002,758.5,-0.161621064
4/3/18,126.300003,816.37,-0.130887926
4/4/18,126.449997,749.73,-0.107895119
4/5/18,125.800003,740.29,-0.083039262
4/6/18,126.389999,722.68,-0.063029979
4/7/18,126.5333327,727.4366667,-0.04769593
4/8/18,126.6766663,732.1933333,-0.03733598
4/9/18,126.82,736.95,-0.032077074
4/10/18,127.120003,761.13,-0.027475204
4/11/18,128.110001,778.24,-0.025508672
4/12/18,126.620003,865.28,-0.014201292
4/13/18,127.449997,932.02,-0.002793666
4/14/18,127.509997,929.0666667,0.009655863
4/15/18,127.569997,926.1133333,0.023271632
4/16/18,127.629997,923.16,0.038196283
4/17/18,127.75,922.2,0.069477036
4/18/18,127.849998,963.23,0.097604454
4/19/18,127.599998,1003.66,0.11632952
4/20/18,126.629997,1068.33,0.107173281
4/21/18,126.2933323,1084.693333,0.096859869
4/22/18,125.9566677,1101.056667,0.084347217
4/23/18,125.620003,1117.42,0.068451368
4/24/18,126.230003,1222.89,0.058400779
4/25/18,125.410004,1124.97,0.062453981
4/26/18,124.970001,1119.56,0.074869318
4/27/18,125.5,1159.56,0.074178413
4/28/18,125.1966653,1174.28,0.07035626
4/29/18,124.8933307,1189,0.063254552
4/30/18,124.589996,1203.72,0.052917659
5/1/18,123.709999,1161.16,0.031899073
5/2/18,123.650002,1197.19,-0.020099402
5/3/18,124.279999,1272.23,-0.065753973
5/4/18,124.540001,1277.2,-0.110495314
5/5/18,124.5500007,1267.306667,-0.154482318
5/6/18,124.5600003,1257.413333,-0.197464402
5/7/18,124.57,1247.52,-0.239297244
5/8/18,124.589996,1225.31,-0.25955049
5/9/18,124.330002,1229.14,-0.298308028
5/10/18,125.18,1195.17,-0.328218614
5/11/18,125,1108.12,-0.330147288
5/12/18,124.8299993,1121.09,-0.331090103
5/13/18,124.6599987,1134.06,-0.330786729
5/14/18,124.489998,1147.03,-0.328957553
5/15/18,122.480003,1106.34,-0.319412764
5/16/18,122.290001,1065.35,-0.302726255
5/17/18,122.360001,1050.51,-0.285483956
5/18/18,122.410004,1058.74,-0.269270511
5/19/18,122.433337,1063.116667,-0.255489726
5/20/18,122.45667,1067.493333,-0.244147337
5/21/18,122.480003,1071.87,-0.23525157
5/22/18,122.410004,1036.99,-0.225843674
5/23/18,122.540001,940.42,-0.227678417
5/24/18,123.589996,951.08,-0.249382799
5/25/18,123.209999,926.08,-0.263700549
5/26/18,123.2049998,909.8133333,-0.275736022
5/27/18,123.2000005,893.5466667,-0.284818533
5/28/18,123.1950013,877.28,-0.290296368
5/29/18,123.190002,922.43,-0.296595411
5/30/18,123.370003,897.69,-0.287329245
5/31/18,123.099998,936.83,-0.284876385
6/1/18,122.489998,925.76,-0.277290514
6/2/18,122.4499997,933.1033333,-0.273281955
6/3/18,122.4100013,940.4466667,-0.2729825
6/4/18,122.370003,947.79,-0.276581146
6/5/18,122.849998,969.42,-0.273227713
6/6/18,122.919998,953.26,-0.267863498
6/7/18,122.860001,973.11,-0.262339661
6/8/18,123.010002,961.81,-0.265042991
6/9/18,123.0833357,917.78,-0.265133827
6/10/18,123.1566693,873.75,-0.262635357
6/11/18,123.230003,829.72,-0.257526216
6/12/18,122.82,790.99,-0.257343234
6/13/18,123.190002,757.99,-0.243368728
6/14/18,123.379997,819.02,-0.233944132
6/15/18,121.339996,797.78,-0.204909837
6/16/18,121.263331,802.9866667,-0.178384985
6/17/18,121.186666,808.1933333,-0.154156639
6/18/18,121.110001,813.4,-0.132036955
6/19/18,120.800003,825.72,-0.112854163
6/20/18,120.260002,821.87,-0.087707477
6/21/18,120.050003,812.45,-0.061458043
6/22/18,120.339996,739.66,-0.028949804
6/23/18,120.189997,736.29,0.002294598
6/24/18,120.039998,732.92,0.032421039
6/25/18,119.889999,729.55,0.061585694
6/26/18,119.260002,708.54,0.094705631
6/27/18,118.580002,704.79,0.12588646
6/28/18,118.220001,698.14,0.158526012
6/29/18,118.650002,666.15,0.190336341
6/30/18,118.2533343,701.5033333,0.219722503
7/1/18,117.8566667,736.8566667,0.247033433
7/2/18,117.459999,772.21,0.272620563
7/3/18,118.650002,765.6,0.294603079
7/4/18,118.8500025,776.52,0.310032265
7/5/18,119.050003,750.65,0.33112641
7/6/18,118.860001,755.49,0.357509823
7/7/18,118.956668,759.51,0.384973714
7/8/18,119.053335,763.53,0.413750299
7/9/18,119.150002,767.55,0.44412405
7/10/18,118.93,719.9,0.466874729
7/11/18,117.639999,715.89,0.498397172
7/12/18,118.129997,697.26,0.527024318
7/13/18,117.610001,699.31,0.561318681
7/14/18,117.5900017,722.8833333,0.594312755
7/15/18,117.5700023,746.4566667,0.626329054
7/16/18,117.550003,770.03,0.657651877
7/17/18,116.279999,830.15,0.681482588
7/18/18,116.309998,829.31,0.711583939
7/19/18,115.809998,821.19,0.721459292
7/20/18,116.559998,792.37,0.733169901
7/21/18,116.373332,801.78,0.744693551
7/22/18,116.186666,811.19,0.756083478
7/23/18,116,820.6,0.767398349
7/24/18,116.040001,868.24,0.776133912
7/25/18,116.68,863.03,0.784236724
7/26/18,115.769997,871.21,0.783864297
7/27/18,115.830002,861.1,0.777077744
7/28/18,115.770002,854.36,0.769433923
7/29/18,115.710002,847.62,0.761203578
7/30/18,115.650002,840.88,0.752675552
7/31/18,115.989998,802.22,0.744073901
8/1/18,115.139999,783.05,0.738515596
8/2/18,114.519997,770.42,0.733065013
8/3/18,114.919998,761.85,0.727351148
8/4/18,114.7233327,750.3433333,0.722053253
8/5/18,114.5266673,738.8366667,0.717530408
8/6/18,114.330002,727.33,0.714179591
8/7/18,114.589996,724.07,0.713516792
8/8/18,114.910004,648.08,0.717217113
8/9/18,114.739998,659.35,0.719759393
8/10/18,114.690002,648.72,0.721666888
8/11/18,114.1133343,631,0.724447062
8/12/18,113.5366667,613.28,0.728196945
8/13/18,112.959999,595.56,0.733001565
8/14/18,113.07,564.43,0.737943221
8/15/18,111.190002,599.76,0.743944077
8/16/18,111.099998,607.26,0.744356276
8/17/18,112.129997,627.56,0.742850386
8/18/18,112.3166653,622.9233333,0.741603522
8/19/18,112.5033337,618.2866667,0.740825892
8/20/18,112.690002,613.65,0.740820411
8/21/18,113.019997,605.64,0.747930229
8/22/18,113.269997,600.11,0.753325961
8/23/18,112.199997,601.15,0.758849956
8/24/18,114.160004,619.87,0.761627805
8/25/18,114.3033347,623.83,0.764379456
8/26/18,114.4466653,627.79,0.767269783
8/27/18,114.589996,631.75,0.770513122
8/28/18,113.68,671.18,0.771949348
8/29/18,114.199997,658.97,0.770206246
8/30/18,113.639999,635.86,0.767227383
8/31/18,113.510002,660.17,0.764336901
9/1/18,113.3650015,669.67,0.7612851
9/2/18,113.220001,679.17,0.758176997
9/3/18,113.0750005,688.67,0.755146704
9/4/18,112.93,687.51,0.749063389
9/5/18,113.32,622.22,0.746730036
9/6/18,113.540001,584.98,0.741706905
9/7/18,113.230003,578.76,0.738221504
9/8/18,113.203336,571.19,0.734072298
9/9/18,113.176669,563.62,0.729232263
9/10/18,113.150002,556.05,0.723667792
9/11/18,113.220001,543.58,0.714981832
9/12/18,114.169998,545.07,0.701799268
9/13/18,113.760002,568.18,0.689457298
9/14/18,113.019997,579.37,0.677410368
9/15/18,113.216665,569.1833333,0.665478922
9/16/18,113.413333,558.9966667,0.655865577
9/17/18,113.610001,548.81,0.651126838
9/18/18,113.440002,560.34,0.653703959
9/19/18,113.879997,570.35,0.663874131
9/20/18,114.269997,576.6,0.660488618
9/21/18,113.489998,635.28,0.658560323
9/22/18,113.4833323,628.2766667,0.655800558
9/23/18,113.4766667,621.2733333,0.652097937
9/24/18,113.470001,614.27,0.647327487
9/25/18,113.650002,578.19,0.640012864
9/26/18,113.050003,601.61,0.633641848
9/27/18,112.050003,626.68,0.626306718
9/28/18,112.760002,619.37,0.632410996
9/29/18,112.696668,617.37,0.639258446
9/30/18,112.633334,615.37,0.646873061
10/1/18,112.57,613.37,0.655277033
10/2/18,113.870003,611.38,0.66435511
10/3/18,113.419998,596.41,0.672377611
10/4/18,113.480003,611.28,0.679924675
10/5/18,113.800003,607.4,0.696153611
10/6/18,113.3800023,611.1433333,0.704303256
10/7/18,112.9600017,614.8866667,0.706024088
10/8/18,112.540001,618.63,0.703200213
10/9/18,112.599998,611.47,0.702864722
10/10/18,112.879997,606.76,0.701412105
10/11/18,115.779999,560.23,0.688091454
10/12/18,115.230003,561,0.677733925
10/13/18,115.4866687,566.9366667,0.665389974
10/14/18,115.7433343,572.8733333,0.650769921
10/15/18,116,578.81,0.633501725
10/16/18,115.800003,585.49,0.630573552
10/17/18,115.790001,586.01,0.620132
10/18/18,115.919998,578.93,0.614774145
10/19/18,116.010002,578.3,0.603752793
10/20/18,115.910001,578.76,0.588207646
10/21/18,115.81,579.22,0.568031194
10/22/18,115.709999,579.68,0.542909572
10/23/18,116.389999,580.64,0.505320366
10/24/18,116.660004,582.05,0.464007322
10/25/18,116.400002,579.98,0.430810888
10/26/18,116.769997,578.91,0.388480305
10/27/18,116.616664,572.4666667,0.346244651
10/28/18,116.463331,566.0233333,0.304485506
10/29/18,116.309998,559.58,0.263557023
10/30/18,115.800003,560.02,0.220836184
10/31/18,115.150002,566.27,0.167419466
11/1/18,116.629997,567.61,0.11698713
11/2/18,116.650002,575.88,0.064953941
11/3/18,116.556669,580.51,0.012833528
11/4/18,116.463336,585.14,-0.040440344
11/5/18,116.370003,589.77,-0.096328494
11/6/18,116.040001,602.16,-0.155651895
11/7/18,116.029999,608.47,-0.19075649
11/8/18,115.779999,597.19,-0.213520496
11/9/18,114.480003,586.92,-0.248675628
11/10/18,114.20667,586.88,-0.280072042
11/11/18,113.933337,586.84,-0.307151016
11/12/18,113.660004,586.8,-0.329281395
11/13/18,113.699997,581.3,-0.362414886
11/14/18,114.639999,499.59,-0.368580714
11/15/18,114.769997,500.41,-0.379775194
11/16/18,115.620003,499.46,-0.402260166
11/17/18,115.636668,480.7933333,-0.414204798
11/18/18,115.653333,462.1266667,-0.421183681
11/19/18,115.669998,443.46,-0.428547046
11/20/18,115.669998,389.38,-0.43400701
11/21/18,115.860001,399.68,-0.446382169
11/22/18,115.814999,397.22,-0.455657762
11/23/18,115.769997,374.9,-0.453808329
11/24/18,115.7266643,358.62,-0.451672698
11/25/18,115.6833317,342.34,-0.449173912
11/26/18,115.639999,326.06,-0.44624818
11/27/18,114.949997,329.47,-0.430320714
11/28/18,115.379997,381.9,-0.430611186
11/29/18,115.739998,367.03,-0.437271251
11/30/18,115.540001,348.57,-0.439151864
12/1/18,115.830002,344.12,-0.446509842
12/2/18,116.120003,339.67,-0.458719903
12/3/18,116.410004,335.22,-0.475181576
12/4/18,117.120003,337.32,-0.493185076
12/5/18,117.130001,324.16,-0.513723096
12/6/18,117.139999,310.56,-0.529822838
12/7/18,118.089996,284.87,-0.553896339
12/8/18,117.9533307,286.67,-0.572401695
12/9/18,117.8166653,288.47,-0.586281567
12/10/18,117.68,290.27,-0.596163789
12/11/18,117.540001,284.5,-0.60308429
12/12/18,117.790001,293.49,-0.614535885
12/13/18,117.529999,275.97,-0.6256084
12/14/18,117.059998,268.73,-0.632444867
12/15/18,117.3299997,281.52,-0.641469912
12/16/18,117.6000013,294.31,-0.651836736
12/17/18,117.870003,307.1,-0.662835354
12/18/18,118.150002,304.33,-0.674981803
12/19/18,117.43,326.95,-0.681001691
12/20/18,119.239998,343.92,-0.685312275
12/21/18,118.720001,335.58,-0.691197075
12/22/18,119.153333,346.5066667,-0.695379092
12/23/18,119.586665,357.4333333,-0.697177185
12/24/18,120.019997,368.36,-0.696154096
12/25/18,119.8400005,345.77,-0.69867745
12/26/18,119.660004,342.59,-0.700889836
12/27/18,120.57,320.68,-0.703282732
12/28/18,121.059998,356.74,-0.696127429
12/29/18,121.123332,349.6333333,-0.69072014
12/30/18,121.186666,342.5266667,-0.68681716
12/31/18,121.25,335.42,-0.684223862
1/1/19,121.290001,344,-0.682192483
1/2/19,121.330002,361.43,-0.676370735
1/3/19,122.43,351.42,-0.666174381
1/4/19,121.440002,352.93,-0.660178689
1/5/19,121.5800017,358.0666667,-0.653080873
1/6/19,121.7200013,363.2033333,-0.644851956
1/7/19,121.860001,368.34,-0.635454676
1/8/19,121.529999,368.36,-0.628822666
1/9/19,122.309998,368.94,-0.619799954
1/10/19,121.589996,328.67,-0.616743314
1/11/19,121.800003,329.59,-0.613804685
1/12/19,121.8966673,330.2533333,-0.609237708
1/13/19,121.9933317,330.9166667,-0.602978279
1/14/19,122.089996,331.58,-0.594907905
1/15/19,121.879997,319.2,-0.588383777
1/16/19,122.269997,323.73,-0.581155429
1/17/19,122.110001,327.17,-0.582045086
1/18/19,121.019997,323.98,-0.581688064
1/19/19,121.127497,321.9633333,-0.581724063
1/20/19,121.234997,319.9466667,-0.58236188
1/21/19,121.342497,317.93,-0.583820955
1/22/19,121.449997,323.81,-0.583757016
1/23/19,121.279999,318.55,-0.583730272
1/24/19,121.089996,321.82,-0.583593141
1/25/19,122.860001,319.29,-0.583072996
1/26/19,123.0033343,312.9966667,-0.582557482
1/27/19,123.1466677,306.7033333,-0.582029797
1/28/19,123.290001,300.41,-0.58147035
1/29/19,123.980003,299.35,-0.583330721
1/30/19,124.690002,306.79,-0.58439789
1/31/19,124.75,303.99,-0.584520626
2/1/19,124.5,306.21,-0.586495331
2/2/19,124.3199997,305.44,-0.587737379
2/3/19,124.1399993,304.67,-0.588208089
2/4/19,123.959999,303.9,-0.58787682
2/5/19,124.279999,303.74,-0.584877182
2/6/19,123.440002,297.16,-0.579912151
2/7/19,123.739998,297.78,-0.581557639
2/8/19,124.209999,325.48,-0.579769305
2/9/19,124.0066653,325.0666667,-0.578139907
2/10/19,123.8033317,324.6533333,-0.576682636
2/11/19,123.599998,324.24,-0.575462965
2/12/19,123.860001,326.82,-0.572642685
2/13/19,123.370003,321.56,-0.572314917
2/14/19,124.059998,321.08,-0.569127772
2/15/19,124.800003,321.72,-0.553406795
2/16/19,125.2750015,333.0333333,-0.530643894
2/17/19,125.75,344.3466667,-0.498502025
2/18/19,126.2249985,355.66,-0.453425218
2/19/19,126.699997,362.96,-0.395833879
2/20/19,126.480003,364.44,-0.342758024
2/21/19,125.050003,357.42,-0.291571246
2/22/19,125.5,363.1,-0.237423496
2/23/19,125.4566677,358.81,-0.177842131
2/24/19,125.4133353,354.52,-0.113628451
2/25/19,125.370003,350.23,-0.04688376
2/26/19,125.580002,347.03,-0.002908651
2/27/19,124.690002,337.98,0.044428037
2/28/19,123.989998,347.95,0.098962722
3/1/19,121.879997,352.26,0.136333528
3/2/19,121.7733307,346.89,0.162272567
3/3/19,121.6666643,341.52,0.175873295
3/4/19,121.559998,336.15,0.176760739
3/5/19,121.720001,352.94,0.181395201
3/6/19,121.610001,354.17,0.237216048
3/7/19,121.510002,358,0.277154451
3/8/19,122.839996,359.56,0.306662992
3/9/19,122.6399967,357.5266667,0.330503395
3/10/19,122.4399973,355.4933333,0.348832139
3/11/19,122.239998,353.46,0.361853752
3/12/19,122.980003,356.8,0.37703187
3/13/19,123.839996,356.82,0.384858661
3/14/19,122.410004,357.27,0.377038645
3/15/19,122.970001,364.83,0.358566638
3/16/19,122.9933343,366.1733333,0.338508514
3/17/19,123.0166677,367.5166667,0.316817677
3/18/19,123.040001,368.86,0.293434544
3/19/19,123.379997,371.95,0.265002468
3/20/19,124.18,373.16,0.246920066
3/21/19,123.68,367.36,0.206583028
3/22/19,123.970001,370.82,0.149664211
3/23/19,124.2866667,368.04,0.101002377
3/24/19,124.6033323,365.26,0.063433366
3/25/19,124.919998,362.48,0.038923483
3/26/19,124.300003,363.81,0.006746257
3/27/19,123.650002,376.54,-0.004947268
3/28/19,121.900002,376.57,-0.011492365
3/29/19,122.010002,383.37,-0.028691962
3/30/19,121.850001,384.9166667,-0.03692356
3/31/19,121.69,386.4633333,-0.038298415
4/1/19,121.529999,388.01,-0.035272262
4/2/19,121.980003,444.85,-0.057405265
4/3/19,121.800003,489.91,-0.092920345
4/4/19,122.110001,449.02,-0.12357791
4/5/19,121.980003,473.15,-0.138801175
4/6/19,122.1566693,478.1166667,-0.152154948
4/7/19,122.3333357,483.0833333,-0.163753056
4/8/19,122.510002,488.05,-0.173677111
4/9/19,123.150002,487.53,-0.167208587
4/10/19,123.529999,503.28,-0.146863109
4/11/19,121.949997,464.39,-0.162375085
4/12/19,121.830002,463.93,-0.180323576
4/13/19,121.753334,461.92,-0.197212314
4/14/19,121.676666,459.91,-0.213147374
4/15/19,121.599998,457.9,-0.228240282
4/16/19,120.510002,475.48,-0.259262467
4/17/19,120.279999,478.35,-0.290608558
4/18/19,120.370003,487.24,-0.328906881
4/19/19,120.370003,486.99,-0.362785477
4/20/19,120.370003,487.5333333,-0.393544203
4/21/19,120.370003,488.0766667,-0.421477782
4/22/19,120.370003,488.62,-0.446848381
4/23/19,120.120003,497.94,-0.477168853
4/24/19,120.470001,476.37,-0.496902327
4/25/19,120.57,482.5,-0.516233174
4/26/19,121.370003,452.5,-0.537922763
4/27/19,121.1900027,453.1266667,-0.560122503
4/28/19,121.0100023,453.7533333,-0.582553176
4/29/19,120.830002,454.38,-0.604945192
4/30/19,121.199997,465.75,-0.624366364
5/1/19,120.400002,470.25,-0.649563201
5/2/19,119.940002,476.32,-0.676883228
5/3/19,120.650002,500.16,-0.688291198
5/4/19,120.703334,500.5666667,-0.698705848
5/5/19,120.756666,500.9733333,-0.708182669
5/6/19,120.809998,501.38,-0.716772566
5/7/19,121.209999,504.02,-0.718616774
5/8/19,120.910004,503.35,-0.718598647
5/9/19,121.199997,507.74,-0.716327014
5/10/19,121.43,530,-0.7116841
5/11/19,121.8433327,566.41,-0.698825397
5/12/19,122.2566653,602.82,-0.674660601
5/13/19,122.669998,639.23,-0.637695527
5/14/19,122.459999,641.64,-0.606420804
5/15/19,122.389999,695.22,-0.573281727
5/16/19,121.510002,680.24,-0.561568359
5/17/19,120.650002,614.72,-0.564662766
5/18/19,120.6466677,633.1966667,-0.567712849
5/19/19,120.6433333,651.6733333,-0.570706043
5/20/19,120.639999,670.15,-0.573671996
5/21/19,120.360001,690.28,-0.577748504
5/22/19,120.239998,680.81,-0.585235654
5/23/19,121.169998,661.4,-0.580031345
5/24/19,121.300003,689.7,-0.569092129
5/25/19,121.1825028,711.2866667,-0.558597562
5/26/19,121.0650025,732.8733333,-0.550089505
5/27/19,120.9475023,754.46,-0.545324875
5/28/19,120.830002,749.37,-0.546973591
5/29/19,120.870003,754.35,-0.548543356
5/30/19,121.690002,741.93,-0.533734288
5/31/19,123.330002,727.26,-0.49474685
6/1/19,123.923335,730.1966667,-0.442624065
6/2/19,124.516668,733.1333333,-0.37675649
6/3/19,125.110001,736.07,-0.297722855
6/4/19,125.150002,651.9,-0.236695221
6/5/19,125.470001,672.57,-0.169643089
6/6/19,125.879997,654.68,-0.111058724
6/7/19,126.589996,687.35,-0.058875925
6/8/19,126.169998,688.0133333,-0.018950892
6/9/19,125.75,688.6766667,0.011675247
6/10/19,125.330002,689.34,0.034742311
6/11/19,125.18,685.75,0.055652344
6/12/19,125.830002,707.85,0.082132431
6/13/19,126.599998,714.27,0.111975936
6/14/19,126.559998,716.23,0.148389145
6/15/19,126.533333,738.83,0.183649539
6/16/19,126.506668,761.43,0.217496196
6/17/19,126.480003,784.03,0.249680467
6/18/19,127.120003,761.9,0.285132232
6/19/19,127.889999,771.5,0.329141341
6/20/19,131.110001,791.72,0.370810481
6/21/19,131.979996,825.19,0.418100091
6/22/19,132.6333313,847.0833333,0.463473199
6/23/19,133.2866667,868.9766667,0.50678837
6/24/19,133.940002,890.87,0.54792833
6/25/19,134.199997,917.07,0.588450948
6/26/19,132.970001,1069.88,0.637596306
6/27/19,132.839996,857.03,0.660539547
6/28/19,133.199997,956.43,0.69124609
6/29/19,132.3399963,911.0933333,0.716587764
6/30/19,131.4799957,865.7566667,0.738839493
7/1/19,130.619995,820.42,0.759576449
7/2/19,133.410004,852.62,0.777615051
7/3/19,133.630005,884.35,0.793542731
7/4/19,132.885002,916.85,0.804778055
7/5/19,132.139999,871.7,0.813436312
7/6/19,131.8566637,895.87,0.822054677
7/7/19,131.5733283,920.04,0.830140502
7/8/19,131.289993,944.21,0.837266332
7/9/19,131.75,952.11,0.843295826
7/10/19,133.830002,910,0.847306251
7/11/19,132.699997,871.7,0.851419759
7/12/19,133.529999,877.86,0.854311908
7/13/19,133.529999,853.3166667,0.856048654
7/14/19,133.529999,828.7733333,0.856572728
7/15/19,133.529999,804.23,0.855803813
7/16/19,132.399994,717.02,0.851918864
7/17/19,134.580002,727.44,0.844352469
7/18/19,136.479996,786.15,0.837609645
7/19/19,134.470001,775.29,0.834122664
7/20/19,134.463333,768.4533333,0.83026629
7/21/19,134.456665,761.6166667,0.826014009
7/22/19,134.449997,754.78,0.821335976
7/23/19,133.690002,759.91,0.816350491
7/24/19,134.369995,729.13,0.807431211
7/25/19,133.419998,739.82,0.800991236
7/26/19,133.639999,746.91,0.794661786
7/27/19,133.9366657,735.65,0.78687177
7/28/19,134.2333323,724.39,0.777461151
7/29/19,134.529999,713.13,0.766262702
7/30/19,134.979996,725.19,0.754936124
7/31/19,133.210007,749.73,0.748518942
8/1/19,136.410004,766.73,0.739145086
8/2/19,135.889999,772.03,0.733088308
8/3/19,136.5233303,798.9133333,0.728320069
8/4/19,137.1566617,825.7966667,0.724933488
8/5/19,137.789993,852.68,0.722997732
8/6/19,138.910004,841.88,0.719810203
8/7/19,141.020004,846.13,0.713054813
8/8/19,141.729996,827.98,0.701818447
8/9/19,141.259995,834.75,0.693513762
8/10/19,141.716665,829.2833333,0.684030251
8/11/19,142.173335,823.8166667,0.673305568
8/12/19,142.630005,818.35,0.661267096
8/13/19,141.779999,787.01,0.64604147
8/14/19,142.75,725.39,0.614743142
8/15/19,143.699997,723.83,0.580491566
8/16/19,142.779999,748.13,0.553731454
8/17/19,142.223333,753.9633333,0.529443298
8/18/19,141.666667,759.7966667,0.508143649
8/19/19,141.110001,765.63,0.490448752
8/20/19,142.210007,764.87,0.470386349
8/21/19,141.759995,723.93,0.446561252
8/22/19,141.399994,732.79,0.423051233
8/23/19,144.169998,748.61,0.388964574
8/24/19,144.176666,744.7133333,0.354668776
8/25/19,144.183334,740.8166667,0.320780499
8/26/19,144.190002,736.92,0.287962156
8/27/19,145.570007,727.62,0.253190279
8/28/19,145.160004,686.97,0.206066375
8/29/19,144.119995,676.27,0.156106174
8/30/19,143.75,681.66,0.114100177
8/31/19,144.25,694.4466667,0.078585794
9/1/19,144.75,707.2333333,0.050186613
9/2/19,145.25,720.02,0.029466544
9/3/19,145.75,747.28,0.012963579
9/4/19,146.660004,748.66,-0.002627601
9/5/19,143.139999,733.52,-0.021451115
9/6/19,141.919998,722.28,-0.043171421
9/7/19,141.7433317,724.46,-0.063444287
9/8/19,141.5666653,726.64,-0.082271651
9/9/19,141.389999,728.82,-0.099658573
9/10/19,140.179993,708.57,-0.138763371
9/11/19,141.029999,710.58,-0.174565995
9/12/19,141.320007,725.52,-0.214779379
9/13/19,140.149994,718.81,-0.245230668
9/14/19,140.5399983,719.2933333,-0.278606563
9/15/19,140.9300027,719.7766667,-0.31525814
9/16/19,141.320007,720.26,-0.355628124
9/17/19,141.600006,742.14,-0.399029556
9/18/19,140.710007,742.67,-0.434567187
9/19/19,141.279999,747.29,-0.467352647
9/20/19,142.949997,737.98,-0.503005385
9/21/19,143.2166647,728.7066667,-0.533871292
9/22/19,143.4833323,719.4333333,-0.559727102
9/23/19,143.75,710.16,-0.58050932
9/24/19,144.509995,611.8,-0.612310162
9/25/19,141.830002,599.56,-0.628953068
9/26/19,141.789993,583.42,-0.631553323
9/27/19,141.059998,577.13,-0.624595845
9/28/19,140.329997,584.75,-0.613436862
9/29/19,139.599996,592.37,-0.599276407
9/30/19,138.869995,599.99,-0.583262719
10/1/19,139.630005,600.41,-0.570756557
10/2/19,141.259995,599.47,-0.565008481
10/3/19,141.899994,589.9,-0.559186661
10/4/19,141.899994,596.89,-0.550063288
10/5/19,141.4966633,599.1366667,-0.537447789
10/6/19,141.0933327,601.3833333,-0.525452714
10/7/19,140.690002,603.63,-0.518466238
10/8/19,141.919998,599.25,-0.511858038
10/9/19,142.050003,631.56,-0.503535996
10/10/19,140.809998,627.55,-0.486740814
10/11/19,140.029999,607.96,-0.467470215
10/12/19,140.2166647,610.0233333,-0.443804235
10/13/19,140.4033303,612.0866667,-0.414426827
10/14/19,140.589996,614.15,-0.377362472
10/15/19,139.610001,599.7,-0.3313961
10/16/19,140.410004,583.05,-0.300800973
10/17/19,140.610001,593.1,-0.269614981
10/18/19,140.460007,585.12,-0.23710214
10/19/19,140.236669,589.9966667,-0.205802536
10/20/19,140.013331,594.8733333,-0.176684731
10/21/19,139.789993,599.75,-0.150669652
10/22/19,140.199997,597.3,-0.148780971
10/23/19,140.529999,549.12,-0.14273179
10/24/19,141.529999,552.42,-0.133829105
10/25/19,141.860001,629.37,-0.120646833
10/26/19,141.4533337,646.03,-0.106389016
10/27/19,141.0466663,662.69,-0.091676484
10/28/19,140.639999,679.35,-0.077212466
10/29/19,140.25,671.99,-0.057620544
10/30/19,141.020004,668.34,-0.048504909
10/31/19,142.429993,669.49,-0.034782326
11/1/19,142.559998,665.05,-0.017400005
11/2/19,142.42333,672.47,-0.002311255
11/3/19,142.286662,679.89,0.010051941
11/4/19,142.149994,687.31,0.019217025
11/5/19,139.850006,683.4,0.034692453
11/6/19,140.449997,680.16,0.072356356
11/7/19,138.270004,670.46,0.106791291
11/8/19,137.389999,645.61,0.157057906
11/9/19,137.2799987,644.82,0.215612924
11/10/19,137.1699983,644.03,0.279747916
11/11/19,137.059998,643.24,0.347315617
11/12/19,137.429993,647.85,0.394307273
11/13/19,137.979996,646.06,0.414435156
11/14/19,138.559998,638.39,0.425689367
11/15/19,138.210007,623.54,0.447141348
11/16/19,138.3466697,617.07,0.463848755
11/17/19,138.4833323,610.6,0.475884598
11/18/19,138.619995,604.13,0.483270435
11/19/19,138.690002,595.91,0.496879608
11/20/19,138.759995,593.92,0.501089113
11/21/19,138,555.7,0.509501845
11/22/19,137.740005,536.19,0.521977579
11/23/19,137.520004,531.15,0.538049345
11/24/19,137.300003,526.11,0.55849703
11/25/19,137.080002,521.07,0.584092053
11/26/19,137.740005,520.6,0.596716481
11/27/19,137.009995,549.74,0.60832231
11/28/19,137.434998,551.47,0.620362588
11/29/19,137.860001,562.4,0.618257246
11/30/19,137.836665,551.76,0.616631896
12/1/19,137.813329,541.12,0.615354944
12/2/19,137.789993,530.48,0.614312329
12/3/19,139.110001,531.45,0.605795132
12/4/19,138.919998,524.93,0.607165188
12/5/19,139,535.28,0.608677302
12/6/19,137.619995,538.4,0.61395422
12/7/19,137.606664,535.1333333,0.617239453
12/8/19,137.593333,531.8666667,0.618174967
12/9/19,137.580002,528.6,0.61632861
12/10/19,137.970001,521.49,0.605572356
12/11/19,138.919998,518.85,0.587940463
12/12/19,138.429993,525.36,0.580063644
12/13/19,139.050003,525.3,0.574242688
12/14/19,139.0466663,514.4733333,0.568459825
12/15/19,139.0433297,503.6466667,0.562815421
12/16/19,139.039993,492.82,0.557431297
12/17/19,139.009995,467.51,0.55794553
12/18/19,139.020004,506.06,0.555678994
12/19/19,139.380005,505.36,0.548896207
12/20/19,139.520004,510.86,0.551028264
12/21/19,139.663335,514.4166667,0.549265421
12/22/19,139.806666,517.9733333,0.543640472
12/23/19,139.949997,521.53,0.534109713
12/24/19,141.270004,510.31,0.509031534
12/25/19,141.8250045,509.96,0.488277991
12/26/19,142.380005,512.06,0.456254084
12/27/19,142.330002,510.36,0.40520334
12/28/19,142.430003,512.2,0.349736508
12/29/19,142.530004,514.04,0.289889997
12/30/19,142.630005,515.88,0.225700404
12/31/19,142.899994,507.17,0.188538211
1/1/20,143.4249955,513.82,0.154820725
1/2/20,143.949997,492.94,0.112482199
1/3/20,145.860001,520.66,0.07304486
1/4/20,146.3700003,528.2233333,0.03972821
1/5/20,146.8799997,535.7866667,0.013841774
1/6/20,147.389999,543.35,-0.003980435
1/7/20,147.970001,578.79,-0.001076707
1/8/20,146.860001,565.39,-0.007762872
1/9/20,146.029999,550.39,-0.019367869
1/10/20,146.910004,573.42,-0.02181763
1/11/20,146.5466717,575.87,-0.02259831
1/12/20,146.1833393,578.32,-0.021840842
1/13/20,145.820007,580.77,-0.019630866
1/14/20,145.690002,627.6,-0.00410351
1/15/20,146.539993,640.9,0.015108614
1/16/20,146.309998,636.03,0.035165049
1/17/20,146.580002,649.09,0.06114826
1/18/20,146.6200028,643.5366667,0.083648402
1/19/20,146.6600035,637.9833333,0.10304229
1/20/20,146.7000043,632.43,0.119635793
1/21/20,146.740005,637.77,0.138068384
1/22/20,146.789993,632.86,0.152620673
1/23/20,147.119995,607.89,0.159975532
1/24/20,147.979996,616.77,0.170309982
1/25/20,148.3166657,629.58,0.184899377
1/26/20,148.6533353,642.39,0.203648609
1/27/20,148.990005,655.2,0.226368286
1/28/20,147.660004,660.83,0.245277315
1/29/20,148.460007,682.97,0.267913069
1/30/20,148.470001,700.76,0.293509468
1/31/20,149.330002,680.91,0.315567237
2/1/20,149.0066683,683.7866667,0.337832934
2/2/20,148.6833347,686.6633333,0.361344609
2/3/20,148.360001,689.54,0.387158377
2/4/20,146.429993,681.58,0.406968033
2/5/20,146.610001,722.76,0.425834532
2/6/20,147.399994,734.48,0.443033049
2/7/20,147.789993,733.78,0.460073374
2/8/20,147.9166613,737.9933333,0.477718653
2/9/20,148.0433297,742.2066667,0.496059444
2/10/20,148.169998,746.42,0.515185496
2/11/20,147.660004,781.1,0.538715822
2/12/20,147.539993,806.42,0.556436652
2/13/20,148.380005,791.97,0.583245768
2/14/20,149,812.63,0.60845816
2/15/20,149.477501,788.43,0.634230878
2/16/20,149.955002,764.23,0.659624896
2/17/20,150.432503,740.03,0.683865299
2/18/20,150.910004,787.8,0.709566765
2/19/20,151.789993,778.47,0.732961417
2/20/20,152.410004,730.85,0.749266471
2/21/20,154.699997,742.78,0.764252382
2/22/20,155.16333,739.2,0.776513552
2/23/20,155.626663,735.62,0.786263452
2/24/20,156.089996,732.04,0.793705949
2/25/20,153.300003,707.23,0.799495409
2/26/20,153.970001,660.67,0.798477725
2/27/20,154,671,0.796379691
2/28/20,148.380005,648.53,0.795998104
2/29/20,148.6533357,656.58,0.795553093
3/1/20,148.9266663,664.63,0.795014893
3/2/20,149.199997,672.68,0.794352433
3/3/20,153.889999,656.78,0.787421442
3/4/20,154.160004,655.28,0.783406503
3/5/20,157.490005,687.54,0.778213464
3/6/20,157.550003,691.02,0.774840345
3/7/20,157.636668,655.3533333,0.763798935
3/8/20,157.723333,619.6866667,0.744367611
3/9/20,157.809998,584.02,0.715742058
3/10/20,154.479996,593.9,0.699994978
3/11/20,153.929993,581.37,0.682957238
3/12/20,147.789993,441.12,0.663165286
3/13/20,143.279999,398.15,0.657219905
3/14/20,142.7333323,387.8533333,0.653552688
3/15/20,142.1866657,377.5566667,0.652219026
3/16/20,141.639999,367.26,0.653234039
3/17/20,143.559998,392.35,0.649323692
3/18/20,140.699997,390.7,0.653806912
3/19/20,138.039993,456.23,0.660714105
3/20/20,140.110001,447.15,0.666110763
3/21/20,142.173335,449.72,0.667723382
3/22/20,144.236669,452.29,0.664815928
3/23/20,146.300003,454.86,0.656449852
3/24/20,153.399994,484.56,0.625365356
3/25/20,151.300003,476.47,0.605153544
3/26/20,153.240005,480.85,0.578264077
3/27/20,152.25,482.59,0.556443847
3/28/20,152.4733327,476.1133333,0.533565892
3/29/20,152.6966653,469.6366667,0.509686244
3/30/20,152.919998,463.16,0.484869447
3/31/20,148.050003,470.22,0.476288041
4/1/20,149.449997,451.55,0.462573267
4/2/20,151.899994,492.02,0.445123094
4/3/20,152.649994,492.79,0.425278831
4/4/20,154.0599977,506.8633333,0.403028608
4/5/20,155.4700013,520.9366667,0.37884926
4/6/20,156.880005,535.01,0.353373919
4/7/20,156.039993,536.91,0.330378975
4/8/20,154.649994,541.75,0.312840728
4/9/20,158.690002,536.57,0.282732543
4/10/20,159.3700025,508.2,0.250361002
4/11/20,160.050003,505.9033333,0.218301261
4/12/20,160.7300035,503.6066667,0.186762228
4/13/20,161.410004,501.31,0.155908221
4/14/20,162.679993,510.5,0.128067685
4/15/20,161.850006,496.31,0.100344562
4/16/20,161.710007,518.14,0.077651971
4/17/20,158.570007,523.95,0.064178408
4/18/20,158.9466703,516.77,0.049707271
4/19/20,159.3233337,509.59,0.034319973
4/20/20,159.699997,502.41,0.018099634
4/21/20,158.610001,511.46,0.009444273
4/22/20,161.729996,528.95,0.000580732
4/23/20,163.339996,559.38,-0.00380326
4/24/20,162.639999,559.52,-0.006382871
4/25/20,162.2799987,563.5766667,-0.008085117
4/26/20,161.9199983,567.6333333,-0.009072003
4/27/20,161.559998,571.69,-0.009485517
4/28/20,160.839996,575.49,-0.008528009
4/29/20,161.729996,645.7,0.001533637
4/30/20,158.800003,644.65,0.007084033
5/1/20,159.779999,639.9,0.013087057
5/2/20,159.9666647,641.26,0.019909311
5/3/20,160.1533303,642.62,0.027481904
5/4/20,160.339996,643.98,0.035739665
5/5/20,161.020004,647.8,0.046429192
5/6/20,158.949997,665.51,0.05792038
5/7/20,161.389999,703.99,0.07700905
5/8/20,160.419998,710.92,0.092612883
5/9/20,160.0866647,681.9033333,0.105719254
5/10/20,159.7533313,652.8866667,0.116865059
5/11/20,159.419998,623.87,0.126520271
5/12/20,160.039993,632.52,0.139439594
5/13/20,161.580002,655.23,0.159965453
5/14/20,163.009995,684.51,0.184716976
5/15/20,163.929993,661.16,0.206780509
5/16/20,163.5166627,671.66,0.230539606
5/17/20,163.1033323,682.16,0.255849017
5/18/20,162.690002,692.66,0.2825572
5/19/20,164.259995,688.42,0.317217884
5/20/20,164.649994,681.07,0.357324373
5/21/20,162.25,646.79,0.38978859
5/22/20,163.210007,660.94,0.427108062
5/23/20,162.630005,656.5733333,0.460008749
5/24/20,162.050003,652.2066667,0.488257251
5/25/20,161.470001,647.84,0.51177418
5/26/20,160.889999,637.52,0.542682363
5/27/20,161.179993,660.77,0.571530128
5/28/20,161.720001,681.09,0.592387948
5/29/20,162.910004,679.51,0.609645279
5/30/20,163.160004,686.9333333,0.626100198
5/31/20,163.410004,694.3566667,0.641675842
6/1/20,163.660004,701.78,0.656302363
6/2/20,162.600006,696.01,0.673837951
6/3/20,159.600006,704.36,0.67987001
6/4/20,161.279999,718.59,0.688918993
6/5/20,158.009995,714.23,0.701392819
6/6/20,158.579997,713.6133333,0.715998426
6/7/20,159.149999,712.9966667,0.732687217
6/8/20,159.720001,712.38,0.751419275
6/9/20,161.259995,715.28,0.758805277
6/10/20,163.570007,725.76,0.768028384
6/11/20,162.389999,678.07,0.773855153
6/12/20,162.619995,692.15,0.780030248
6/13/20,162.5233307,691.0133333,0.783483573
6/14/20,162.4266663,689.8766667,0.785284341
6/15/20,162.330002,688.74,0.786544674
6/16/20,162.25,693.66,0.78905109
6/17/20,162.559998,682.75,0.791492805
6/18/20,162.240005,686.13,0.787988724
6/19/20,164.029999,679.71,0.781063952
6/20/20,164.3833313,687.4333333,0.772491188
6/21/20,164.7366637,695.1566667,0.761816331
6/22/20,165.089996,702.88,0.748398182
6/23/20,166.479996,708.11,0.737420532
6/24/20,165.899994,682.05,0.722069583
6/25/20,165.800003,681.35,0.726248401
6/26/20,166.539993,673.23,0.724493704
6/27/20,166.569997,671.8633333,0.720243141
6/28/20,166.600001,670.4966667,0.712844406
6/29/20,166.630005,669.13,0.701977905
6/30/20,167.369995,666.66,0.691616876
7/1/20,166.619995,677.08,0.680795826
7/2/20,166.979996,662.38,0.668181969
7/3/20,167.229996,667.36,0.654305695
7/4/20,167.479996,674.45,0.639205399
7/5/20,167.729996,681.54,0.622835099
7/6/20,167.979996,688.63,0.605149465
7/7/20,169.039993,688.35,0.580138926
7/8/20,170.089996,711.62,0.549276356
7/9/20,169.630005,692.63,0.524958565
7/10/20,169.190002,694.49,0.499894792
7/11/20,169.2599993,694.6366667,0.478486852
7/12/20,169.3299967,694.7833333,0.461560199
7/13/20,169.399994,694.93,0.449551554
7/14/20,170.190002,701.97,0.436295415
7/15/20,170.339996,693.92,0.417566518
7/16/20,168.729996,687.7,0.406779587
7/17/20,170.119995,691.55,0.396473585
7/18/20,170.3933307,691.0333333,0.389145677
7/19/20,170.6666663,690.5166667,0.385469849
7/20/20,170.940002,690,0.386186135
7/21/20,173,706.96,0.400508065
7/22/20,175.630005,709.76,0.410447297
7/23/20,177.179993,732.57,0.428992932
7/24/20,178.699997,734.82,0.429640574
7/25/20,179.8766633,762.5366667,0.448782288
7/26/20,181.0533297,790.2533333,0.485759206
7/27/20,182.229996,817.97,0.538798916
7/28/20,183.75,832.99,0.588896234
7/29/20,185.130005,846.58,0.652293175
7/30/20,183.759995,846.63,0.701774371
7/31/20,185.429993,863.49,0.746569179
8/1/20,185.499995,873.1133333,0.782732892
8/2/20,185.569997,882.7366667,0.811529935
8/3/20,185.639999,892.36,0.834107052
8/4/20,189.589996,879.62,0.855579459
8/5/20,191.350006,907.64,0.870111121
8/6/20,193.889999,924.41,0.883266766
8/7/20,190.809998,889.32,0.891039238
8/8/20,190.5899967,902.2266667,0.897823179
8/9/20,190.3699953,915.1333333,0.903434228
8/10/20,190.149994,928.04,0.907810948
8/11/20,179.940002,889.46,0.904374836
8/12/20,179.100006,906.94,0.898708907
8/13/20,183.330002,912.46,0.900280312
8/14/20,182.539993,948.72,0.898646359
8/15/20,183.8599953,962.98,0.896127435
8/16/20,185.1799977,977.24,0.893618158
8/17/20,186.5,991.5,0.891753149
8/18/20,188.179993,960.17,0.893845431
8/19/20,182.240005,921.87,0.893068821
8/20/20,183.5,944.85,0.892801226
8/21/20,182.029999,925.21,0.892163527
8/22/20,181.686666,928.74,0.891075593
8/23/20,181.343333,932.27,0.889747055
8/24/20,181,935.8,0.888379812
8/25/20,181.220001,892.54,0.888674512
8/26/20,183.360001,910.56,0.889484978
8/27/20,181.240005,885.48,0.889155618
8/28/20,184.389999,912.36,0.889862089
8/29/20,184.5366667,924.1766667,0.890288663
8/30/20,184.6833343,935.9933333,0.890363899
8/31/20,184.830002,947.81,0.890025562
9/1/20,185.050003,977.79,0.888491652
9/2/20,182.619995,918.58,0.887756475
9/3/20,181.139999,860.28,0.887519711
9/4/20,181.639999,845.72,0.886798003
9/5/20,181.5524975,829.01,0.885732045
9/6/20,181.464996,812.3,0.884183374
9/7/20,181.3774945,795.59,0.88202052
9/8/20,181.289993,784.06,0.879202709
9/9/20,183.050003,812.61,0.879118776
9/10/20,182.460007,815.91,0.879767757
9/11/20,182.449997,822.7,0.883195639
9/12/20,182.9299977,829.6766667,0.886525346
9/13/20,183.4099983,836.6533333,0.889733068
9/14/20,183.889999,843.63,0.892796237
9/15/20,183.449997,841.31,0.895098231
9/16/20,183.970001,851.08,0.896910404
9/17/20,182.960007,858.21,0.89639567
9/18/20,183.199997,849.65,0.896464364
9/19/20,181.9733327,834.2,0.896380292
9/20/20,180.7466683,818.75,0.896216397
9/21/20,179.520004,803.3,0.896052987
9/22/20,178.649994,803.56,0.896693646
9/23/20,174.789993,783.64,0.896362314
9/24/20,175.440002,815.48,0.895881471
9/25/20,174.940002,828.91,0.892818731
9/26/20,175.526667,833.42,0.890168833
9/27/20,176.113332,837.93,0.887987608
9/28/20,176.699997,842.44,0.88633401
9/29/20,178.190002,831.17,0.885424617
9/30/20,177.119995,828,0.882644746
10/1/20,178.699997,820.38,0.880272707
10/2/20,178.539993,808.04,0.877169668
10/3/20,178.8299967,814.4666667,0.873769835
10/4/20,179.1200003,820.8933333,0.870028465
10/5/20,179.410004,827.32,0.865893817
10/6/20,177.300003,809.64,0.861352649
10/7/20,177.220001,815.09,0.856764969
10/8/20,177.850006,834.46,0.850461582
10/9/20,181.080002,850.28,0.844591986
10/10/20,180.9066673,864.24,0.838374654
10/11/20,180.7333327,878.2,0.831470668
10/12/20,180.559998,892.16,0.823518516
10/13/20,177.720001,878.31,0.812298766
10/14/20,178.270004,871.56,0.803730171
10/15/20,178.919998,884.03,0.792681663
10/16/20,178.300003,862.97,0.781629957
10/17/20,178.3300017,872.0133333,0.768668382
10/18/20,178.3600003,881.0566667,0.75342552
10/19/20,178.389999,890.1,0.735465014
10/20/20,179.25,890.57,0.718668716
10/21/20,180.600006,947.89,0.694717298
10/22/20,178.830002,982.14,0.649957107
10/23/20,178.639999,967.11,0.606623511
10/24/20,178.6100003,965.74,0.559145507
10/25/20,178.5800017,964.37,0.506682117
10/26/20,178.550003,963,0.448188357
10/27/20,179.020004,1004.74,0.38772286
10/28/20,176.130005,965.33,0.331998847
10/29/20,175.399994,982.85,0.275503695
10/30/20,176.199997,979.86,0.233946882
10/31/20,176.7699993,981.6333333,0.202563509
11/1/20,177.3400017,983.4066667,0.179814432
11/2/20,177.910004,985.18,0.163602148
11/3/20,178.919998,984.36,0.156239105
11/4/20,178.820007,1006.71,0.147097703
11/5/20,182.929993,1071.1,0.157228196
11/6/20,183.190002,1109.17,0.169457568
11/7/20,180.4866687,1107.563333,0.158893571
11/8/20,177.7833353,1105.956667,0.128476171
11/9/20,175.080002,1104.35,0.080872289
11/10/20,175.660004,1104.1,0.048645021
11/11/20,174.899994,1131.88,0.000983045
11/12/20,175.960007,1149.49,-0.046397596
11/13/20,177.160004,1162.31,-0.068599425
11/14/20,177.1566673,1172.426667,-0.09420723
11/15/20,177.1533307,1182.543333,-0.123528098
11/16/20,177.149994,1192.66,-0.157047512
11/17/20,176.5,1252.02,-0.185964906
11/18/20,175.490005,1239.77,-0.220158925
11/19/20,175.160004,1266.51,-0.254714736
11/20/20,175.690002,1315.16,-0.285451745
11/21/20,174.5366667,1333.49,-0.326707317
11/22/20,173.3833313,1351.82,-0.378313543
11/23/20,172.229996,1370.15,-0.44048342
11/24/20,169.589996,1440.46,-0.519365288
11/25/20,169.509995,1409.41,-0.562513026
11/26/20,168.649994,1271.74,-0.589998859
11/27/20,167.789993,1260.68,-0.609601343
11/28/20,167.4166613,1321.153333,-0.63336173
11/29/20,167.0433297,1381.626667,-0.659287127
11/30/20,166.669998,1442.1,-0.685728167
12/1/20,170.179993,1411.34,-0.699291399
12/2/20,171.460007,1418.08,-0.710181028
12/3/20,172.809998,1439.92,-0.713743694
12/4/20,172.320007,1400.08,-0.722786656
12/5/20,173.176671,1401.37,-0.730260888
12/6/20,174.033335,1402.66,-0.73628693
12/7/20,174.889999,1403.95,-0.740918361
12/8/20,175.5,1365.47,-0.748278546
12/9/20,172.5,1351.9,-0.7540574
12/10/20,172.169998,1350.79,-0.757271095
12/11/20,172.490005,1318.86,-0.759242523
12/12/20,172.1733343,1346.056667,-0.761204028
12/13/20,171.8566637,1373.253333,-0.763216301
12/14/20,171.539993,1400.45,-0.765340107
12/15/20,173.940002,1419.66,-0.761966114
12/16/20,174.899994,1510.07,-0.752191552
12/17/20,176.740005,1631.36,-0.726012434
12/18/20,176.440002,1632.97,-0.70330898
12/19/20,176.2533363,1624.45,-0.683666949
12/20/20,176.0666707,1615.93,-0.666757203
12/21/20,175.880005,1607.41,-0.652389481
12/22/20,174.490005,1638.86,-0.643655375
12/23/20,175.649994,1596.53,-0.631882332
12/24/20,176.350006,1597.92,-0.616106009
12/25/20,176.1900063,1666.36,-0.59783724
12/26/20,176.0300065,1722.7,-0.577288847
12/27/20,175.8700068,1779.04,-0.556124372
12/28/20,175.710007,1835.38,-0.536091973
12/29/20,176.350006,1830.36,-0.514753756
12/30/20,177.699997,1929.21,-0.49348837
12/31/20,178.360001,1950.81,-0.464348821
1/1/21,179.3525013,1956.72,-0.431213398
1/2/21,180.3450015,2029.113333,-0.385730414
1/3/21,181.3375018,2101.506667,-0.32885627
1/4/21,182.330002,2173.9,-0.262099885
1/5/21,182.869995,2351.77,-0.18122415
1/6/21,179.899994,2523.97,-0.133625653
1/7/21,179.479996,2709.8,-0.085064144
1/8/21,173.339996,2636.86,-0.100370861
1/9/21,173.226664,2524.123333,-0.112205262
1/10/21,173.113332,2411.386667,-0.120945461
1/11/21,173,2298.65,-0.126753937
1/12/21,174.119995,2372.37,-0.132360132
1/13/21,173.369995,2506.64,-0.143203147
1/14/21,173.279999,2707.13,-0.153170678
1/15/21,171.130005,2484.05,-0.163074062
1/16/21,171.4925043,2515.116667,-0.170586609
1/17/21,171.8550035,2546.183333,-0.175785804
1/18/21,172.2175028,2577.25,-0.178730745
1/19/21,172.580002,2645.62,-0.186886463
1/20/21,175.389999,2555.63,-0.176368332
1/21/21,175.279999,2321.85,-0.165459887
1/22/21,173.899994,2442.03,-0.161913351
1/23/21,173.949997,2450.873333,-0.157611473
1/24/21,174,2459.716667,-0.152553748
1/25/21,174.050003,2468.56,-0.146736403
1/26/21,173.619995,2384.72,-0.138863306
1/27/21,172.520004,2336.86,-0.13071016
1/28/21,172.679993,2417.15,-0.127986941
1/29/21,172.610001,2523.01,-0.126089243
1/30/21,173.1499993,2518.183333,-0.120985047
1/31/21,173.6899977,2513.356667,-0.112776667
2/1/21,174.229996,2508.53,-0.101538963
2/2/21,172.110001,2680.95,-0.099576283
2/3/21,171.850006,2805.01,-0.109835357
2/4/21,168.149994,2843.46,-0.141720389
2/5/21,169.809998,2901.67,-0.160969507
2/6/21,170.38,3023.886667,-0.175353622
2/7/21,170.950002,3146.103333,-0.184341089
2/8/21,171.520004,3268.32,-0.187454302
2/9/21,172.080002,3479.34,-0.183027761
2/10/21,172.710007,3358.61,-0.173795886
2/11/21,171.210007,3550.6,-0.16381074
2/12/21,170.690002,3653.74,-0.157414499
2/13/21,170.0775028,3676.633333,-0.161356233
2/14/21,169.4650035,3699.526667,-0.176652073
2/15/21,168.8525042,3722.42,-0.203818493
2/16/21,168.240005,3670.41,-0.228939518
2/17/21,166.330002,3919.11,-0.269417539
2/18/21,166.320007,3973.3,-0.302506377
2/19/21,167.009995,4224.79,-0.328053666
2/20/21,167.8433283,4168.323333,-0.344996592
2/21/21,168.6766617,4111.856667,-0.354922263
2/22/21,169.509995,4055.39,-0.358877865
2/23/21,169.119995,3567.94,-0.363090961
2/24/21,169,3690.05,-0.370334291
2/25/21,165.820007,3688.69,-0.387169767
2/26/21,161.809998,3476.29,-0.401732302
2/27/21,161.716665,3535.883333,-0.419100321
2/28/21,161.623332,3595.476667,-0.439176477
3/1/21,161.529999,3655.07,-0.461902663
3/2/21,162.410004,3574.17,-0.488110282
3/3/21,160.619995,3800.26,-0.518685356
3/4/21,159.039993,3638.04,-0.548538324
3/5/21,159.139999,3706.02,-0.581715149
3/6/21,158.590001,3781.026667,-0.614610465
3/7/21,158.040003,3856.033333,-0.647008564
3/8/21,157.490005,3931.04,-0.67871371
3/9/21,160.839996,4135.73,-0.700265162
3/10/21,161.660004,4198.94,-0.716979713
3/11/21,161.520004,4297,-0.730101813
3/12/21,161.490005,4190.64,-0.743343612
3/13/21,161.726669,4199.01,-0.753955237
3/14/21,161.963333,4207.38,-0.762227223
3/15/21,162.199997,4215.75,-0.768404255
3/16/21,162.350006,4187.3,-0.773226969
3/17/21,163.509995,4348.41,-0.782972353
3/18/21,162.559998,4273.88,-0.794374082
3/19/21,163.240005,4425.75,-0.804568987
3/20/21,163.1600033,4347.106667,-0.815402586
3/21/21,163.0800017,4268.463333,-0.826869747
3/22/21,163,4189.82,-0.83897208
3/23/21,161.809998,4145.59,-0.84584247
3/24/21,162.369995,4080.38,-0.849861262
3/25/21,161.779999,3923.28,-0.850002482
3/26/21,162.240005,4069.72,-0.85097301
3/27/21,161.5966693,4168.473333,-0.852520973
3/28/21,160.9533337,4267.226667,-0.854697589
3/29/21,160.309998,4365.98,-0.8575508
3/30/21,157.570007,4476.49,-0.863141201
3/31/21,159.960007,4455.38,-0.866644437
4/1/21,161.979996,4536.89,-0.867598917
4/2/21,161.9649965,4581.27,-0.868187598
4/3/21,161.949997,4614.236667,-0.868509825
4/4/21,161.9349975,4647.203333,-0.868554993
4/5/21,161.919998,4680.17,-0.868314834
4/6/21,163.220001,4661.73,-0.865670747
4/7/21,162.759995,4425.32,-0.862960651
4/8/21,164.509995,4608.35,-0.856281374
4/9/21,163.270004,4670.01,-0.850092818
4/10/21,162.9400023,4733.893333,-0.843630456
4/11/21,162.6100007,4797.776667,-0.837613674
4/12/21,162.279999,4861.66,-0.832999232
4/13/21,163.429993,5102.32,-0.827817411
4/14/21,162.720001,5034.26,-0.824822746
4/15/21,165.350006,5241.09,-0.815110843
4/16/21,166.350006,5150.68,-0.799089183
4/17/21,166.1966703,4984.206667,-0.786114371
4/18/21,166.0433347,4817.733333,-0.775557574
4/19/21,165.889999,4651.26,-0.766973339
4/20/21,166.479996,4781.32,-0.753902431
4/21/21,168.130005,4751.31,-0.737329747
4/22/21,167.039993,4582.5,-0.72660395
4/23/21,166.399994,4349.01,-0.721100647
4/24/21,166.5466613,4438.22,-0.713778812
4/25/21,166.6933287,4527.43,-0.704458814
4/26/21,166.839996,4616.64,-0.692953836
4/27/21,166.419998,4749.07,-0.680160215
4/28/21,166.910004,4830.69,-0.66027202
4/29/21,166.220001,4672.44,-0.640099389
4/30/21,165.660004,4984.95,-0.619865933
5/1/21,166.3766687,5069.256667,-0.594431887
5/2/21,167.0933333,5153.563333,-0.562854043
5/3/21,167.809998,5237.87,-0.524148023
5/4/21,166.580002,5061.42,-0.491306867
5/5/21,167.270004,5328.64,-0.451766854
5/6/21,170.059998,5325.38,-0.394836217
5/7/21,171.589996,5415.67,-0.3253707
5/8/21,171.763331,5408.21,-0.250146227
5/9/21,171.936666,5400.75,-0.167657799
5/10/21,172.110001,5393.29,-0.075974701
5/11/21,172.139999,5547.49,0.005942999
5/12/21,170.429993,5395.92,0.072932417
5/13/21,171.130005,4828.86,0.106236474
5/14/21,172.690002,5148.73,0.162306887
5/15/21,173.3600003,4942.503333,0.214664226
5/16/21,174.0299987,4736.276667,0.261135649
5/17/21,174.699997,4530.05,0.299247165
5/18/21,175.039993,4508.39,0.331376469
5/19/21,175.160004,3743.39,0.336358923
5/20/21,175.960007,3876.76,0.328736232
5/21/21,176.039993,3354.1,0.287370454
5/22/21,176.1433307,3460.11,0.250834524
5/23/21,176.2466683,3566.12,0.218743177
5/24/21,176.350006,3672.13,0.190765219
5/25/21,177.949997,3470.03,0.14732972
5/26/21,177.639999,3710.43,0.113133221
5/27/21,177.710007,3739.11,0.082223024
5/28/21,178.380005,3419.77,0.03817755
5/29/21,178.2600023,3459.233333,0.000988198
5/30/21,178.1399995,3498.696667,-0.030328836
5/31/21,178.0199968,3538.16,-0.056515183
6/1/21,177.899994,3469.09,-0.080109836
6/2/21,178.770004,3707.85,-0.097677562
6/3/21,175.270004,3772.09,-0.113804393
6/4/21,177.160004,3591.84,-0.149479033
6/5/21,177.3966677,3571.003333,-0.184818176
6/6/21,177.6333313,3550.166667,-0.219546995
6/7/21,177.869995,3529.33,-0.253415516
6/8/21,177.320007,3234.78,-0.290554858
6/9/21,176.979996,3462.06,-0.320996979
6/10/21,177.740005,3425.4,-0.360857049
6/11/21,175.740005,3412.19,-0.394650026
6/12/21,175.3966723,3482.37,-0.426101514
6/13/21,175.0533397,3552.55,-0.455499722
6/14/21,174.710007,3622.73,-0.483120586
6/15/21,174.050003,3636.46,-0.497156169
6/16/21,171.110001,3512.04,-0.503846859
6/17/21,165.850006,3423.99,-0.495148334
6/18/21,164.929993,3187.76,-0.480835758
6/19/21,165.6033277,3089.716667,-0.466689566
6/20/21,166.2766623,2991.673333,-0.453031732
6/21/21,166.949997,2893.63,-0.44016557
6/22/21,166.25,2800.28,-0.423829395
6/23/21,166.139999,2852.91,-0.405684651
6/24/21,166.039993,3046.93,-0.392849035
6/25/21,166.589996,2812.64,-0.376076392
6/26/21,166.5866647,2890.33,-0.362081933
6/27/21,166.5833333,2968.02,-0.350614959
6/28/21,166.580002,3045.71,-0.341504509
6/29/21,164.830002,3220.95,-0.331707672
6/30/21,165.630005,3127.37,-0.323326934
7/1/21,166.199997,2968.62,-0.317830092
7/2/21,167.289993,2986.72,-0.312708746
7/3/21,167.4974935,3025.57,-0.307369487
7/4/21,167.704994,3064.42,-0.301468581
7/5/21,167.9124945,3103.27,-0.294639903
7/6/21,168.119995,3141.7,-0.286795707
7/7/21,168.759995,3214.7,-0.280273855
7/8/21,168.649994,3017.79,-0.270358356
7/9/21,169.210007,3028.96,-0.260837058
7/10/21,169.1400047,2998.423333,-0.249965173
7/11/21,169.0700023,2967.886667,-0.237664891
7/12/21,169,2937.35,-0.223847527
7/13/21,169.220001,2864.13,-0.211123373
7/14/21,171.039993,2903.64,-0.206387938
7/15/21,171.070007,2809.47,-0.199733855
7/16/21,169.410004,2811.65,-0.185748931
7/17/21,169.4766697,2766.603333,-0.16965865
7/18/21,169.5433353,2721.556667,-0.15114743
7/19/21,169.610001,2676.51,-0.129831102
7/20/21,169.389999,2591.17,-0.104544976
7/21/21,168.759995,2766.49,-0.076191432
7/22/21,169.089996,2867.86,-0.052861469
7/23/21,168.559998,2843.83,-0.031764998
7/24/21,168.4266667,3037.32,-0.012369655
7/25/21,168.2933353,3230.81,0.004936724
7/26/21,168.160004,3424.3,0.019721854
7/27/21,168.440002,3241.68,0.036028768
7/28/21,169.289993,3417.52,0.045669268
7/29/21,171.169998,3389.48,0.055531988
7/30/21,169.820007,3418.81,0.065414688
7/31/21,169.750005,3446.246667,0.076513567
8/1/21,169.680003,3473.683333,0.088811394
8/2/21,169.610001,3501.12,0.102301637
8/3/21,169.490005,3396.25,0.12024201
8/4/21,169.529999,3584.17,0.137535508
8/5/21,168.860001,3673.86,0.154970904
8/6/21,164.639999,3853.35,0.175101624
8/7/21,163.6666663,3937.156667,0.190233858
8/8/21,162.6933337,4020.963333,0.199106831
8/9/21,161.720001,4104.77,0.200634905
8/10/21,161.770004,4105.53,0.205772317
8/11/21,164,4274.49,0.213991299
8/12/21,164.039993,4057.52,0.211233671
8/13/21,166.389999,4272.77,0.201436471
8/14/21,166.6666663,4288.38,0.190432245
8/15/21,166.9433337,4303.99,0.17809304
8/16/21,167.220001,4319.6,0.164261312
8/17/21,166.970001,4247.9,0.149985984
8/18/21,167.100006,4175.52,0.148854211
8/19/21,166.610001,4373.06,0.13287973
8/20/21,166.699997,4552.32,0.103139242
8/21/21,167.3766633,4590.996667,0.070912938
8/22/21,168.0533297,4629.673333,0.038846226
8/23/21,168.729996,4668.35,0.00963455
8/24/21,168.649994,4545.22,-0.020209839
8/25/21,167.479996,4567.69,-0.038967295
8/26/21,167.669998,4384.78,-0.058763319
8/27/21,170.190002,4565.09,-0.054348666
8/28/21,169.9100033,4592.81,-0.053420251
8/29/21,169.6300047,4620.53,-0.056037572
8/30/21,169.350006,4648.25,-0.062285069
8/31/21,169.690002,4595.45,-0.061126212
9/1/21,169.699997,4775.4,-0.06672562
9/2/21,169.25,4889.33,-0.074869421
9/3/21,171.059998,5037.98,-0.060451172
9/4/21,170.2225003,5076.143333,-0.051600036
9/5/21,169.3850025,5114.306667,-0.048268689
9/6/21,168.5475048,5152.47,-0.050480032
9/7/21,167.710007,4525.37,-0.051675425
9/8/21,167.289993,4592.91,-0.063692018
9/9/21,168.029999,4601.21,-0.071647331
9/10/21,167.179993,4486.09,-0.077637646
9/11/21,167.3666637,4463.26,-0.0818401
9/12/21,167.5533343,4440.43,-0.084200442
9/13/21,167.740005,4417.6,-0.084609184
9/14/21,168.820007,4542.88,-0.066924744
9/15/21,167.830002,4739.13,-0.06221221
9/16/21,164.029999,4687.72,-0.073338587
9/17/21,163.770004,4610.03,-0.083990563
9/18/21,164.1600033,4475.913333,-0.092697028
9/19/21,164.5500027,4341.796667,-0.100189085
9/20/21,164.940002,4207.68,-0.107193511
9/21/21,166.039993,4022.83,-0.110045544
9/22/21,165.419998,4214.62,-0.111913711
9/23/21,163.509995,4370.58,-0.129646833
9/24/21,163.300003,4119.17,-0.147508531
9/25/21,163.413335,4124.66,-0.163204623
9/26/21,163.526667,4130.15,-0.176038218
9/27/21,163.639999,4135.64,-0.185385212
9/28/21,162.050003,3962.04,-0.194113185
9/29/21,161.320007,3942.4,-0.200756593
9/30/21,164.220001,4148.43,-0.212270216
10/1/21,164.589996,4576.37,-0.228527153
10/2/21,164.8466643,4613.566667,-0.243486463
10/3/21,165.1033327,4650.763333,-0.257082457
10/4/21,165.360001,4687.96,-0.269246767
10/5/21,164.589996,4793.14,-0.292224956
10/6/21,165.029999,4995.85,-0.312094067
10/7/21,164.160004,4967.16,-0.334040805
10/8/21,164.229996,5020.21,-0.348919124
10/9/21,164.1266633,5030.133333,-0.362302566
10/10/21,164.0233307,5040.056667,-0.374264249
10/11/21,163.919998,5049.98,-0.384886009
10/12/21,164.660004,4922.14,-0.390222952
10/13/21,167.589996,5076.35,-0.379052516
10/14/21,168,5197.11,-0.364083982
10/15/21,165.330002,5395.95,-0.361989013
10/16/21,165.193334,5364.536667,-0.360341274
10/17/21,165.056666,5333.123333,-0.359066872
10/18/21,164.919998,5301.71,-0.358105972
10/19/21,165.449997,5488.36,-0.352204076
10/20/21,166.899994,5741.76,-0.323151244
10/21/21,166.75,5542.94,-0.293768696
10/22/21,167.770004,5448.98,-0.267885221
10/23/21,168.156667,5507.663333,-0.2365645
10/24/21,168.54333,5566.346667,-0.199248573
10/25/21,168.929993,5625.03,-0.155337565
10/26/21,167.679993,5627.89,-0.120866657
10/27/21,168.119995,5297.42,-0.093574401
10/28/21,168.080002,5528.42,-0.060068303
10/29/21,166.649994,5659.2,-0.040245844
10/30/21,166.9399973,5649.673333,-0.020421155
10/31/21,167.2300007,5640.146667,-0.000932136
11/1/21,167.520004,5630.62,0.017936146
11/2/21,167.160004,5828.84,0.040180057
11/3/21,165.770004,5860.93,0.056331656
11/4/21,167.649994,5717.66,0.108869193
11/5/21,169.839996,5740.54,0.165611564
11/6/21,170.0433297,5864.336667,0.225372294
11/7/21,170.2466633,5988.133333,0.287440564
11/8/21,170.449997,6111.93,0.350960877
11/9/21,171.289993,6215.99,0.423214844
11/10/21,173.149994,6031.64,0.490850665
11/11/21,174.119995,6057.05,0.547056054
11/12/21,174.449997,5988.32,0.564327766
11/13/21,174.3599957,5971.306667,0.57553671
11/14/21,174.2699943,5954.293333,0.582979403
11/15/21,174.179993,5937.28,0.58867527
11/16/21,172.919998,5500.51,0.582898641
11/17/21,174.5,5574.43,0.58167108
11/18/21,173.940002,5324.24,0.572370051
11/19/21,172.610001,5445.32,0.575425566
11/20/21,171.3200023,5385.396667,0.578636621
11/21/21,170.0300037,5325.473333,0.581849652
11/22/21,168.740005,5265.55,0.584968362
11/23/21,167.279999,5518.31,0.584183147
11/24/21,167.119995,5415.19,0.585531896
11/25/21,166.9850005,5616.55,0.580843273
11/26/21,166.850006,5195.9,0.579620183
11/27/21,166.7733357,5294.38,0.579033026
11/28/21,166.6966653,5392.86,0.578979916
11/29/21,166.619995,5491.34,0.579382072
11/30/21,165.5,5538.29,0.577121666
12/1/21,166.160004,5493.38,0.574185399
12/2/21,165.240005,5518.99,0.570713354
12/3/21,166.630005,5172.05,0.583671567
12/4/21,166.493337,5034.676667,0.595772119
12/5/21,166.356669,4897.303333,0.606801696
12/6/21,166.220001,4759.93,0.616550369
12/7/21,166.809998,4901.14,0.628646118
12/8/21,166.899994,4986.11,0.636989816
12/9/21,165.880005,4668.24,0.642789044
12/10/21,166.580002,4671.23,0.649837668
12/11/21,166.7200013,4582.206667,0.652702827
12/12/21,166.8600007,4493.183333,0.651900348
12/13/21,167,4404.16,0.648125459
12/14/21,165.440002,4523.6,0.654932265
12/15/21,166.149994,4740.85,0.658458904
12/16/21,168.160004,4666.64,0.65898431
12/17/21,167.800003,4477.46,0.656384537
12/18/21,167.563334,4518.306667,0.656391997
12/19/21,167.326665,4559.153333,0.658915019
12/20/21,167.089996,4600,0.663899623
12/21/21,167.020004,4737.4,0.672929672
12/22/21,168.589996,4810.25,0.671687971
12/23/21,168.970001,5007.34,0.666734874
12/24/21,169.0699995,5005.46,0.660623278
12/25/21,169.169998,5032.843333,0.653822819
12/26/21,169.2699965,5060.226667,0.647362785
12/27/21,169.369995,5087.61,0.642390821
12/28/21,168.639999,4724.41,0.641162956
12/29/21,168.589996,4667.16,0.633454632
12/30/21,169.800003,4648.2,0.613083776
12/31/21,170.960007,4510.88,0.578323827
1/1/22,170.0833387,4533.903333,0.54936344
1/2/22,169.2066703,4556.926667,0.525314261
1/3/22,168.330002,4579.95,0.505473418
1/4/22,169.570007,4646.6,0.468841408
1/5/22,169.059998,4368.55,0.420187605
1/6/22,166.990005,4284.18,0.402621363
1/7/22,167.75,4100.53,0.384606641
1/8/22,167.9199983,4063.726667,0.366804882
1/9/22,168.0899967,4026.923333,0.349219595
1/10/22,168.259995,3990.12,0.33183375
1/11/22,170.289993,4145.92,0.301931297
1/12/22,170.740005,4308.33,0.278975014
1/13/22,170.160004,4200.09,0.258531412
1/14/22,169.669998,4239.82,0.245185423
1/15/22,169.5999983,4204.396667,0.233139246
1/16/22,169.5299985,4168.973333,0.222507424
1/17/22,169.4599987,4133.55,0.213412713
1/18/22,169.389999,4053.58,0.200500675
1/19/22,172.080002,4024.72,0.167767411
1/20/22,171.649994,4127.75,0.144080961
1/21/22,171.089996,3625.83,0.123706557
1/22/22,171.4033303,3543.333333,0.100576939
1/23/22,171.7166647,3460.836667,0.074826861
1/24/22,172.029999,3378.34,0.046600014
1/25/22,172.580002,3346.3,0.018160044
1/26/22,169.789993,3380.22,0.019088878
1/27/22,167.600006,3207.38,0.04039381
1/28/22,167.100006,3391.6,0.05963376
1/29/22,167.4300027,3426.79,0.074046343
1/30/22,167.7599993,3461.98,0.083864174
1/31/22,168.089996,3497.17,0.089228917
2/1/22,168.229996,3539.35,0.098949241
2/2/22,168.839996,3472.4,0.10053177
2/3/22,168.600006,3338.22,0.105355476
2/4/22,168.860001,3722.57,0.117116892
2/5/22,169.2766677,3836.476667,0.125871893
2/6/22,169.6933343,3950.383333,0.132089043
2/7/22,170.110001,4064.29,0.136219593
2/8/22,170.630005,4030.04,0.143145726
2/9/22,171.210007,4126.44,0.160585523
2/10/22,170.559998,4010.39,0.165073616
2/11/22,173.809998,3805.53,0.136850386
2/12/22,174.1200003,3790.14,0.10692821
2/13/22,174.4300027,3774.75,0.075116569
2/14/22,174.740005,3759.36,0.04113359
2/15/22,173.080002,3978.38,0.012349623
2/16/22,174.860001,3993.03,-0.034857371
2/17/22,177.25,3696.64,-0.108446071
2/18/22,177.119995,3600.35,-0.184265439
2/19/22,177.2124975,3538.213333,-0.259630378
2/20/22,177.305,3476.076667,-0.334464548
2/21/22,177.3975025,3413.94,-0.408713771
2/22/22,177.490005,3356.58,-0.457503555
2/23/22,178.289993,3374.53,-0.518684432
2/24/22,177.139999,3390.6,-0.563708463
2/25/22,176.550003,3475.15,-0.599728065
2/26/22,177.1600037,3546.79,-0.623182912
2/27/22,177.7700043,3618.43,-0.635500283
2/28/22,178.380005,3690.07,-0.638361855
3/1/22,181.619995,3869.39,-0.622466937
3/2/22,179.729996,3829.73,-0.614997297
3/3/22,180.800003,3674.1,-0.612320425
3/4/22,183.679993,3461.24,-0.610564274
3/5/22,184.5899967,3400.863333,-0.610881034
3/6/22,185.5000003,3340.486667,-0.613533007
3/7/22,186.410004,3280.11,-0.618849246
3/8/22,191.509995,3364.12,-0.60985023
3/9/22,185.820007,3607.82,-0.605172064
3/10/22,186.399994,3472.78,-0.602907249
3/11/22,185.089996,3354.36,-0.607780541
3/12/22,184.1599983,3356.933333,-0.61149869
3/13/22,183.2300007,3359.506667,-0.614210862
3/14/22,182.300003,3362.08,-0.616211317
3/15/22,178.889999,3460.47,-0.615713032
3/16/22,180.009995,3565.13,-0.614448155
3/17/22,180.889999,3603.88,-0.610864746
3/18/22,179.300003,3716.14,-0.606237812
3/19/22,179.756668,3704.736667,-0.60196311
3/20/22,180.213333,3693.333333,-0.598212837
3/21/22,180.669998,3681.93,-0.595167523
3/22/22,179.360001,3770.36,-0.588579871
3/23/22,181.809998,3783.2,-0.578259603
3/24/22,183.130005,3952.65,-0.564534491
3/25/22,182.380005,3956.07,-0.552126264
3/26/22,181.273336,4076.42,-0.537169887
3/27/22,180.166667,4196.77,-0.519877017
3/28/22,179.059998,4317.12,-0.500499022
3/29/22,179.139999,4306.41,-0.479268384
3/30/22,180.580002,4290.66,-0.457720718
3/31/22,180.649994,4157.11,-0.440309947
4/1/22,179.5,4295.47,-0.420584109
4/2/22,179.7899983,4285.873333,-0.39965092
4/3/22,180.0799967,4276.276667,-0.377336718
4/4/22,180.369995,4266.68,-0.353412261
4/5/22,179.240005,4259.1,-0.32845779
4/6/22,179.660004,3994.05,-0.308457214
4/7/22,180.339996,3971.47,-0.291044286
4/8/22,181.470001,3925.7,-0.277429726
4/9/22,181.769999,3826.746667,-0.262833366
4/10/22,182.069997,3727.793333,-0.246735005
4/11/22,182.369995,3628.84,-0.228493262
4/12/22,183.770004,3584.44,-0.213834441
4/13/22,184.649994,3740.82,-0.195616689
4/14/22,184.039993,3628.04,-0.178310922
4/15/22,184.182495,3678.87,-0.167045568
4/16/22,184.324997,3679.893333,-0.156824628
4/17/22,184.467499,3680.916667,-0.147752789
4/18/22,184.610001,3681.94,-0.139928707
4/19/22,181.820007,3777.98,-0.125240495
4/20/22,182.710007,3746.88,-0.105954193
4/21/22,182.059998,3730.35,-0.088062946
4/22/22,180.289993,3611.53,-0.06777192
4/23/22,179.2099963,3621.563333,-0.046388125
4/24/22,178.1299997,3631.596667,-0.024208594
4/25/22,177.050003,3641.63,-0.001584253
4/26/22,177.320007,3448.91,0.018802447
4/27/22,175.979996,3487.14,0.034535461
4/28/22,176.929993,3579.85,0.054653411
4/29/22,176.910004,3418.4,0.05372739
4/30/22,175.816671,3413.31,0.051414759
5/1/22,174.723338,3408.22,0.048035985
5/2/22,173.630005,3403.13,0.043960317
5/3/22,174.089996,3336.51,0.040708
5/4/22,175.800003,3558.93,0.024975788
5/5/22,175.130005,3254.46,-0.002049345
5/6/22,175.419998,3229.67,-0.017043575
5/7/22,174.5733337,3053.706667,-0.02024645
5/8/22,173.7266693,2877.743333,-0.009220918
5/9/22,172.880005,2701.78,0.016899128
5/10/22,171.419998,2752.37,0.052339747
5/11/22,172.820007,2422.63,0.084714404
5/12/22,170.169998,2311.9,0.130373977
5/13/22,168.789993,2465.25,0.196774242
5/14/22,169.32666,2454.836667,0.261047928
5/15/22,169.863327,2444.423333,0.323846367
5/16/22,170.399994,2434.01,0.385836463
5/17/22,169.330002,2473.47,0.444446104
5/18/22,169.419998,2392.63,0.503529934
5/19/22,171.910004,2424.63,0.548478199
5/20/22,172.029999,2383.91,0.57258036
5/21/22,172.2966667,2385.763333,0.593629746
5/22/22,172.5633343,2387.616667,0.611969194
5/23/22,172.830002,2389.47,0.627886505
5/24/22,174.130005,2390.17,0.651280063
5/25/22,173.080002,2395.82,0.671704108
5/26/22,172.759995,2314.73,0.680636615
5/27/22,172.850006,2253.12,0.687951593
5/28/22,172.4225043,2311.34,0.695522002
5/29/22,171.9950025,2369.56,0.703010683
5/30/22,171.5675008,2427.78,0.710163246
5/31/22,171.139999,2485.22,0.716809529
6/1/22,172.229996,2354.45,0.722096592
6/2/22,174.350006,2367.12,0.723500969
6/3/22,172.580002,2294.13,0.729043101
6/4/22,172.3266703,2339.086667,0.7347943
6/5/22,172.0733387,2384.043333,0.740468222
6/6/22,171.820007,2429,0.74582417
6/7/22,172.940002,2403,0.747289173
6/8/22,172.779999,2338.02,0.750396691
6/9/22,172.229996,2328.77,0.753044173
6/10/22,174.539993,2224.79,0.754062656
6/11/22,173.0033263,2064.646667,0.759463044
6/12/22,171.4666597,1904.503333,0.770121317
6/13/22,169.929993,1744.36,0.786802364
6/14/22,168.570007,1694.57,0.821523695
6/15/22,170.770004,1671.8,0.828114502
6/16/22,172.690002,1600.73,0.833872644
6/17/22,171.270004,1584.31,0.843009707
6/18/22,171.1100043,1585.063333,0.850448871
6/19/22,170.9500045,1585.816667,0.856301466
6/20/22,170.7900048,1586.57,0.860748413
6/21/22,170.630005,1644.25,0.861979838
6/22/22,171.309998,1586.84,0.861555072
6/23/22,170.259995,1655.08,0.86317713
6/24/22,170.089996,1724.55,0.864630946
6/25/22,170.026662,1710.516667,0.865839452
6/26/22,169.963328,1696.483333,0.866914578
6/27/22,169.899994,1682.45,0.867970632
6/28/22,169.619995,1630.95,0.869176795
6/29/22,169.490005,1609.4,0.87008761
6/30/22,168.460007,1504.09,0.871174797
7/1/22,168.320007,1547.22,0.871829183
7/2/22,167.4275053,1563.023333,0.872266929
7/3/22,166.5350035,1578.826667,0.873441506
7/4/22,165.6425018,1594.63,0.876469379
7/5/22,164.75,1629.38,0.87838993
7/6/22,162.139999,1633.51,0.874504547
7/7/22,162.229996,1746.46,0.869113606
7/8/22,162.300003,1736.98,0.867032826
7/9/22,162.0099997,1702.22,0.865039359
7/10/22,161.7199963,1667.46,0.863115867
7/11/22,161.429993,1632.7,0.861243906
7/12/22,160.830002,1535.01,0.86271428
7/13/22,161.600006,1560.82,0.862365972
7/14/22,159.330002,1659.17,0.85697506
7/15/22,159.009995,1716.13,0.849192699
7/16/22,159.059998,1750.293333,0.840997073
7/17/22,159.110001,1784.456667,0.832491685
7/18/22,159.160004,1818.62,0.823827326
7/19/22,159.539993,1954.5,0.813258962
7/20/22,158.039993,1950.36,0.79831758
7/21/22,160.270004,1938.43,0.788001829
7/22/22,160.669998,1883.52,0.777933793
7/23/22,160.5233307,1864.9,0.767154423
7/24/22,160.3766633,1846.28,0.755510599
7/25/22,160.229996,1827.66,0.742816466
7/26/22,160.039993,1727.22,0.731545374
7/27/22,161.669998,1916.27,0.716390497
7/28/22,163.639999,2028.53,0.700316148
7/29/22,164.100006,2044.99,0.686159816
7/30/22,164.4100037,2017.823333,0.672861865
7/31/22,164.7200013,1990.656667,0.661017246
8/1/22,165.029999,1963.49,0.651359801
8/2/22,164.050003,1965.86,0.639608394
8/3/22,164.449997,2010.91,0.630208092
8/4/22,167.169998,1940.81,0.617570735
8/5/22,165.289993,2004.52,0.60334143
8/6/22,165.7566627,2037.44,0.591297931
8/7/22,166.2233323,2070.36,0.582504892
8/8/22,166.690002,2103.28,0.578244574
8/9/22,167.199997,2016.83,0.571624919
8/10/22,166.779999,2100.51,0.557696419
8/11/22,166.339996,2154.44,0.54233526
8/12/22,167.869995,2166.46,0.525064967
8/13/22,167.149999,2156.396667,0.509159047
8/14/22,166.430003,2146.333333,0.494763279
8/15/22,165.710007,2136.27,0.482049791
8/16/22,165.419998,2127.63,0.474408195
8/17/22,164.350006,2071.49,0.462726931
8/18/22,163.919998,2076.92,0.455926456
8/19/22,162.720001,1890.82,0.45744221
8/20/22,162.3600003,1871.87,0.457468293
8/21/22,161.9999997,1852.92,0.45609032
8/22/22,161.639999,1833.97,0.453393306
8/23/22,162.770004,1893.3,0.452443391
8/24/22,163.25,1915.06,0.449954725
8/25/22,163.75,1919.91,0.440355885
8/26/22,161.759995,1805.08,0.433069067
8/27/22,161.7933303,1792.203333,0.42480982
8/28/22,161.8266657,1779.326667,0.415430971
8/29/22,161.860001,1766.45,0.404761108
8/30/22,160.509995,1762.33,0.390141761
8/31/22,159.270004,1788.02,0.375561467
9/1/22,157.869995,1764.77,0.364341043
9/2/22,159.259995,1766.84,0.354351375
9/3/22,159.0274968,1768.496667,0.342097609
9/4/22,158.7949985,1770.153333,0.327960004
9/5/22,158.5625003,1771.81,0.312313768
9/6/22,158.330002,1711.48,0.299145226
9/7/22,159.940002,1726.43,0.281749494
9/8/22,158.979996,1781.98,0.250931123
9/9/22,159.820007,1904.18,0.221692493
9/10/22,160.0900063,1923.266667,0.187594138
9/11/22,160.3600057,1942.353333,0.147969587
9/12/22,160.630005,1961.44,0.101760616
9/13/22,158.539993,1802.49,0.052094418
9/14/22,157.929993,1782.99,0.004577335
9/15/22,154.979996,NA,-0.04892187